"Name","Club","Position","Nationality","Age","Appearances","Tackles","Tackle_Success_Rate","Blocked_shots","Interceptions","Clearances","Recoveries","Duels_won","Duels_lost","Total_Duels","Duel_Win_Rate","Aerial_battles_won","Aerial_battles_lost","Total_Aerial_Duels","Aerial_Win_Rate","Tackles_Per_Match","Interceptions_Per_Match","Clearances_Per_Match","Recoveries_Per_Match","Defensive_Actions","Defensive_Actions_Per_Match","Yellow_cards","Red_cards","Cards_Total","Fouls","Fouls_Per_Match","Defensive_Rating"
"Kyle Edwards","West-Bromwich-Albion","Midfielder","England",22,2,2,63,1,0,0,170.5,140.5,164,304.5,46.14,19.5,33,52.5,37.14,1,0,0,85.25,3,1.5,0,0,0,0,0,98.39
"Pascal Struijk","Leeds-United","Defender","Netherlands",21,1,4,25,0,3,11,4,5,0,5,100,1,0,1,100,4,3,11,4,18,18,0,0,0,0,0,64.5
"Stuart Dallas","Leeds-United","Midfielder","Northern Ireland",29,2,12,67,0,4,7,18,19,5,24,79.17,1,0,1,100,6,2,3.5,9,23,11.5,0,0,0,0,0,57.13
"Kenny Tete","Fulham","Defender","Netherlands",24,1,3,67,0,4,3,4,6,5,11,54.55,3,0,3,100,3,4,3,4,10,10,1,0,1,3,3,46.18
"Ollie Watkins","Aston-Villa","Forward","England",24,1,0,73,1,0,0,34.5,51.5,72.5,124,41.53,11.5,25,36.5,31.51,0,0,0,34.5,1,1,0,0,0,2,2,43.88
"Ferran Torres","Manchester-City","Forward","Spain",20,1,0,73,0,0,0,34.5,51.5,72.5,124,41.53,11.5,25,36.5,31.51,0,0,0,34.5,0,0,0,0,0,0,0,43.88
"Xande Silva","West-Ham-United","Forward","Portugal",23,1,0,73,2,0,0,34.5,51.5,72.5,124,41.53,11.5,25,36.5,31.51,0,0,0,34.5,2,2,0,0,0,0,0,43.88
"Fábio Silva","Wolverhampton-Wanderers","Forward","Portugal",18,1,0,73,0,0,0,34.5,51.5,72.5,124,41.53,11.5,25,36.5,31.51,0,0,0,34.5,0,0,0,0,0,0,0,43.88
"Jimmy Dunne","Burnley","Defender","Ireland",22,1,0,0,0,2,8,3,9,2,11,81.82,7,0,7,100,0,2,8,3,10,10,0,0,0,1,1,43.27
"Phil Jagielka","Sheffield-United","Defender","England",38,366,703,76,39,618,2974,1626,1842,928,2770,66.5,783,495,1278,61.27,1.92,1.69,8.13,4.44,4334,11.84,23,2,25,159,0.43,42.61
"Kalvin Phillips","Leeds-United","Midfielder","England",24,2,8,63,0,4,6,15,12,7,19,63.16,2,2,4,50,4,2,3,7.5,18,9,0,0,0,0,0,42.47
"Wilfred Ndidi","Leicester-City","Midfielder","Nigeria",23,122,482,62,42,253,297,1022,1066,866,1932,55.18,398,331,729,54.6,3.95,2.07,2.43,8.38,1074,8.8,20,2,22,189,1.55,41.85
"Willy Boly","Wolverhampton-Wanderers","Defender","France",29,60,147,61,6,116,285,336,425,214,639,66.51,234,95,329,71.12,2.45,1.93,4.75,5.6,554,9.23,3,2,5,55,0.92,41.73
"James Tomkins","Crystal-Palace","Defender","England",31,263,447,70,26,443,2029,989,1442,817,2259,63.83,823,473,1296,63.5,1.7,1.68,7.71,3.76,2945,11.2,46,2,48,167,0.63,40.54
"Virgil van Dijk","Liverpool","Defender","Netherlands",29,159,184,70,27,278,924,837,1083,397,1480,73.18,776,269,1045,74.26,1.16,1.75,5.81,5.26,1413,8.89,8,1,9,88,0.55,40.53
"Jan Bednarek","Southampton","Defender","Poland",24,66,113,58,3,154,390,327,351,239,590,59.49,217,125,342,63.45,1.71,2.33,5.91,4.95,660,10,12,0,12,58,0.88,40.35
"Aaron Wan-Bissaka","Manchester-United","Defender","England",22,77,287,66,7,165,221,423,529,300,829,63.81,76,75,151,50.33,3.73,2.14,2.87,5.49,680,8.83,13,1,14,46,0.6,40.14
"Jonny Evans","Leicester-City","Defender","Northern Ireland",32,297,457,72,22,585,1843,1587,1417,825,2242,63.2,641,399,1040,61.63,1.54,1.97,6.21,5.34,2907,9.79,44,3,47,239,0.8,40.06
"Jannik Vestergaard","Southampton","Defender","Denmark",28,43,74,64,5,62,273,208,280,150,430,65.12,169,82,251,67.33,1.72,1.44,6.35,4.84,414,9.63,5,0,5,27,0.63,39.49
"Liam Cooper","Leeds-United","Defender","Scotland",29,3,3,100,0,6,23,9,14,6,20,70,7,5,12,58.33,1,2,7.67,3,32,10.67,0,0,0,1,0.33,39.34
"Shkodran Mustafi","Arsenal","Defender","Germany",28,99,197,73,14,195,531,455,670,416,1086,61.69,413,218,631,65.45,1.99,1.97,5.36,4.6,937,9.46,28,0,28,117,1.18,39.32
"Japhet Tanganga","Tottenham-Hotspur","Defender","England",21,6,17,53,1,11,29,27,45,32,77,58.44,18,11,29,62.07,2.83,1.83,4.83,4.5,58,9.67,1,0,1,8,1.33,39.28
"Phil Jones","Manchester-United","Defender","England",28,200,394,73,19,404,1073,872,1051,608,1659,63.35,407,237,644,63.2,1.97,2.02,5.36,4.36,1890,9.45,27,0,27,155,0.78,39.21
"Nicolás Otamendi","Manchester-City","Defender","Argentina",32,136,269,68,21,286,649,707,766,476,1242,61.67,388,246,634,61.2,1.98,2.1,4.77,5.2,1225,9.01,31,0,31,118,0.87,38.98
"Ben Mee","Burnley","Defender","England",31,166,240,60,13,260,1082,911,986,624,1610,61.24,609,399,1008,60.42,1.45,1.57,6.52,5.49,1595,9.61,36,0,36,118,0.71,38.83
"Maxime Le Marchand","Fulham","Defender","France",30,26,56,64,3,54,122,164,129,106,235,54.89,56,45,101,55.45,2.15,2.08,4.69,6.31,235,9.04,5,0,5,28,1.08,38.74
"Harry Maguire","Manchester-United","Defender","England",27,140,191,69,23,233,639,871,895,433,1328,67.39,494,202,696,70.98,1.36,1.66,4.56,6.22,1086,7.76,26,1,27,117,0.84,38.65
"Allan","Everton","Midfielder","Brazil",29,2,9,56,0,3,3,18,16,13,29,55.17,1,2,3,33.33,4.5,1.5,1.5,9,15,7.5,0,0,0,4,2,38.61
"Gary Cahill","Crystal-Palace","Defender","England",34,374,471,75,63,452,2849,1441,1946,1036,2982,65.26,1157,562,1719,67.31,1.26,1.21,7.62,3.85,3835,10.25,38,3,41,266,0.71,38.58
"Ciaran Clark","Newcastle-United","Defender","Ireland",30,179,306,74,18,304,1256,683,872,605,1477,59.04,420,305,725,57.93,1.71,1.7,7.02,3.82,1884,10.53,47,2,49,171,0.96,38.37
"Ahmed Hegazi","West-Bromwich-Albion","Defender","Egypt",29,38,58,66,0,60,270,183,192,145,337,56.97,103,84,187,55.08,1.53,1.58,7.11,4.82,388,10.21,4,0,4,24,0.63,38.1
"Ricardo Pereira","Leicester-City","Defender","Portugal",26,63,237,57,13,109,180,387,557,459,1016,54.82,108,123,231,46.75,3.76,1.73,2.86,6.14,539,8.56,8,0,8,86,1.37,37.92
"Joel Ward","Crystal-Palace","Defender","England",30,201,483,80,25,368,796,1013,1218,812,2030,60,406,246,652,62.27,2.4,1.83,3.96,5.04,1672,8.32,28,0,28,202,1,37.7
"Christian Fuchs","Leicester-City","Defender","Austria",34,107,255,77,16,248,365,615,513,423,936,54.81,201,153,354,56.78,2.38,2.32,3.41,5.75,884,8.26,15,0,15,79,0.74,37.67
"Mamadou Sakho","Crystal-Palace","Defender","France",30,125,144,72,4,200,697,847,534,348,882,60.54,298,223,521,57.2,1.15,1.6,5.58,6.78,1045,8.36,6,1,7,39,0.31,37.63
"Fabian Schär","Newcastle-United","Defender","Switzerland",28,46,99,61,7,114,209,225,268,229,497,53.92,99,99,198,50,2.15,2.48,4.54,4.89,429,9.33,17,0,17,57,1.24,37.6
"Eric Bailly","Manchester-United","Defender","Cote D'Ivoire",26,54,92,67,3,102,226,281,229,123,352,65.06,75,42,117,64.1,1.7,1.89,4.19,5.2,423,7.83,6,1,7,45,0.83,37.57
"Federico Fernández","Newcastle-United","Defender","Argentina",31,170,254,73,13,305,1070,756,777,578,1355,57.34,399,295,694,57.49,1.49,1.79,6.29,4.45,1642,9.66,25,0,25,135,0.79,37.33
"Lewis Dunk","Brighton-and-Hove-Albion","Defender","England",28,112,151,56,16,173,547,725,560,362,922,60.74,345,192,537,64.25,1.35,1.54,4.88,6.47,887,7.92,21,1,22,80,0.71,37.32
"James Tarkowski","Burnley","Defender","England",27,123,202,59,13,166,691,472,861,442,1303,66.08,540,233,773,69.86,1.64,1.35,5.62,3.84,1072,8.72,24,0,24,119,0.97,37.32
"Chris Smalling","Manchester-United","Defender","England",30,219,283,68,32,360,1287,897,1082,629,1711,63.24,645,324,969,66.56,1.29,1.64,5.88,4.1,1962,8.96,18,1,19,192,0.88,37.21
"Kortney Hause","Aston-Villa","Defender","England",25,18,21,43,2,20,94,109,138,77,215,64.19,100,35,135,74.07,1.17,1.11,5.22,6.06,137,7.61,3,0,3,24,1.33,37.18
"Joel Matip","Liverpool","Defender","Cameroon",29,86,134,70,10,125,362,419,428,201,629,68.04,233,94,327,71.25,1.56,1.45,4.21,4.87,631,7.34,9,0,9,52,0.6,36.77
"Michael Keane","Everton","Defender","England",27,153,157,68,17,249,978,656,899,574,1473,61.03,685,417,1102,62.16,1.03,1.63,6.39,4.29,1401,9.16,13,0,13,82,0.54,36.71
"Issa Diop","West-Ham-United","Defender","France",23,67,97,56,2,114,326,330,291,176,467,62.31,157,90,247,63.56,1.45,1.7,4.87,4.93,539,8.04,12,0,12,49,0.73,36.66
"N'Golo Kanté","Chelsea","Midfielder","France",29,166,540,65,46,420,184,1320,922,920,1842,50.05,123,204,327,37.61,3.25,2.53,1.11,7.95,1190,7.17,22,0,22,218,1.31,36.6
"Fabián Balbuena","West-Ham-United","Defender","Paraguay",29,40,57,56,5,79,243,167,188,165,353,53.26,124,99,223,55.61,1.43,1.98,6.08,4.18,384,9.6,4,0,4,25,0.62,36.36
"Marcos Rojo","Manchester-United","Defender","Argentina",30,76,140,71,14,130,383,358,351,264,615,57.07,154,113,267,57.68,1.84,1.71,5.04,4.71,667,8.78,23,0,23,81,1.07,36.33
"Matthew Lowton","Burnley","Defender","England",31,172,415,66,6,317,697,732,796,601,1397,56.98,198,147,345,57.39,2.41,1.84,4.05,4.26,1435,8.34,35,0,35,144,0.84,36.17
"Branislav Ivanovic","West-Bromwich-Albion","Defender","Serbia",36,261,528,81,40,393,1137,1154,1427,915,2342,60.93,587,325,912,64.36,2.02,1.51,4.36,4.42,2098,8.04,55,2,57,293,1.12,36.12
"Erik Pieters","Burnley","Defender","Netherlands",32,194,538,73,11,354,620,899,1142,892,2034,56.15,324,230,554,58.48,2.77,1.82,3.2,4.63,1523,7.85,34,0,34,300,1.55,36.09
"Scott Dann","Crystal-Palace","Defender","England",33,227,291,59,29,343,1536,785,1016,698,1714,59.28,612,441,1053,58.12,1.28,1.51,6.77,3.46,2199,9.69,34,0,34,145,0.64,36.05
"Dara O'Shea","West-Bromwich-Albion","Defender","Ireland",21,2,8,38,0,1,6,11,12,7,19,63.16,3,3,6,50,4,0.5,3,5.5,15,7.5,0,0,0,2,1,35.97
"César Azpilicueta","Chelsea","Defender","Spain",31,272,722,73,29,475,788,1376,1400,977,2377,58.9,475,375,850,55.88,2.65,1.75,2.9,5.06,2014,7.4,23,1,24,240,0.88,35.71
"Kurt Zouma","Chelsea","Defender","France",25,143,160,69,13,225,653,574,681,328,1009,67.49,413,163,576,71.7,1.12,1.57,4.57,4.01,1051,7.35,10,1,11,87,0.61,35.67
"Jamaal Lascelles","Newcastle-United","Defender","England",26,109,90,54,3,123,645,546,489,275,764,64.01,343,171,514,66.73,0.83,1.13,5.92,5.01,861,7.9,16,1,17,69,0.63,35.63
"Çaglar Söyüncü","Leicester-City","Defender","Turkey",24,42,69,65,2,52,180,222,237,140,377,62.86,130,73,203,64.04,1.64,1.24,4.29,5.29,303,7.21,5,1,6,39,0.93,35.38
"Wes Morgan","Leicester-City","Defender","Jamaica",36,168,200,67,22,313,879,585,797,493,1290,61.78,503,310,813,61.87,1.19,1.86,5.23,3.48,1414,8.42,12,3,15,129,0.77,35.33
"Nemanja Matic","Manchester-United","Midfielder","Serbia",32,208,491,69,46,337,406,1583,1196,1009,2205,54.24,343,239,582,58.93,2.36,1.62,1.95,7.61,1280,6.15,36,3,39,234,1.12,35.32
"Angelo Ogbonna","West-Ham-United","Defender","Italy",32,137,171,68,10,208,689,585,626,377,1003,62.41,373,227,600,62.17,1.25,1.52,5.03,4.27,1078,7.87,16,0,16,88,0.64,35.08
"Kevin Long","Burnley","Defender","Ireland",30,35,63,68,6,34,214,130,236,160,396,59.6,139,105,244,56.97,1.8,0.97,6.11,3.71,317,9.06,1,0,1,28,0.8,34.92
"Nathan Aké","Manchester-City","Defender","Netherlands",25,147,255,63,20,206,757,634,661,443,1104,59.87,314,273,587,53.49,1.73,1.4,5.15,4.31,1238,8.42,15,1,16,97,0.66,34.89
"Romain Saïss","Wolverhampton-Wanderers","Midfielder","Morocco",30,54,97,68,6,87,187,276,326,225,551,59.17,186,106,292,63.7,1.8,1.61,3.46,5.11,377,6.98,17,1,18,72,1.33,34.88
"Chris Basham","Sheffield-United","Defender","England",32,61,126,62,0,93,215,246,324,191,515,62.91,129,77,206,62.62,2.07,1.52,3.52,4.03,434,7.11,5,0,5,39,0.64,34.74
"Mateusz Klich","Leeds-United","Midfielder","Poland",30,2,6,83,0,4,2,16,11,18,29,37.93,3,2,5,60,3,2,1,8,12,6,1,0,1,5,2.5,34.69
"Calum Chambers","Arsenal","Defender","England",25,139,257,70,22,247,537,735,703,619,1322,53.18,301,240,541,55.64,1.85,1.78,3.86,5.29,1063,7.65,28,1,29,137,0.99,34.59
"Kyle Walker","Manchester-City","Defender","England",30,293,600,76,55,498,820,1592,1510,1104,2614,57.77,446,292,738,60.43,2.05,1.7,2.8,5.43,1973,6.73,45,1,46,239,0.82,34.56
"Declan Rice","West-Ham-United","Midfielder","England",21,101,254,57,15,160,180,681,489,362,851,57.46,141,115,256,55.08,2.51,1.58,1.78,6.74,609,6.03,11,0,11,64,0.63,34.55
"John Egan","Sheffield-United","Defender","Ireland",27,38,46,61,14,58,168,181,204,133,337,60.53,138,80,218,63.3,1.21,1.53,4.42,4.76,286,7.53,4,2,6,37,0.97,34.41
"Dan Burn","Brighton-and-Hove-Albion","Defender","England",28,44,73,64,5,51,203,175,270,191,461,58.57,165,68,233,70.82,1.66,1.16,4.61,3.98,332,7.55,5,0,5,38,0.86,34.39
"Fikayo Tomori","Chelsea","Defender","England",22,17,32,53,1,24,53,102,81,49,130,62.31,34,29,63,53.97,1.88,1.41,3.12,6,110,6.47,3,0,3,8,0.47,34.35
"Bernardo","Brighton-and-Hove-Albion","Defender","Brazil",25,36,89,66,5,40,86,169,212,109,321,66.04,75,38,113,66.37,2.47,1.11,2.39,4.69,220,6.11,5,0,5,20,0.56,34.32
"Lucas Digne","Everton","Defender","France",27,72,150,64,29,104,195,369,452,314,766,59.01,209,102,311,67.2,2.08,1.44,2.71,5.12,478,6.64,11,1,12,83,1.15,34.28
"David Luiz","Arsenal","Defender","Brazil",33,194,240,74,59,344,832,1042,846,680,1526,55.44,344,256,600,57.33,1.24,1.77,4.29,5.37,1475,7.6,40,3,43,212,1.09,34.26
"Denis Odoi","Fulham","Defender","Belgium",32,33,49,71,1,45,147,200,156,120,276,56.52,57,55,112,50.89,1.48,1.36,4.45,6.06,242,7.33,4,0,4,39,1.18,34.08
"Paul Dummett","Newcastle-United","Defender","Wales",28,128,216,75,10,177,606,387,590,345,935,63.1,305,199,504,60.52,1.69,1.38,4.73,3.02,1009,7.88,12,1,13,58,0.45,34
"Pierre-Emile Højbjerg","Tottenham-Hotspur","Midfielder","Denmark",25,111,245,65,34,177,131,939,639,605,1244,51.37,153,115,268,57.09,2.21,1.59,1.18,8.46,587,5.29,21,2,23,149,1.34,33.94
"Timo Werner","Chelsea","Forward","Germany",24,2,1,73,3,3,2,34.5,51.5,72.5,124,41.53,11.5,25,36.5,31.51,0.5,1.5,1,17.25,9,4.5,0,0,0,3,1.5,33.88
"Matheus Pereira","West-Bromwich-Albion","Forward","Brazil",24,2,1,73,1,3,2,34.5,51.5,72.5,124,41.53,11.5,25,36.5,31.51,0.5,1.5,1,17.25,7,3.5,0,0,0,3,1.5,33.88
"Serge Aurier","Tottenham-Hotspur","Defender","Cote D'Ivoire",27,58,162,67,10,85,149,285,394,328,722,54.57,130,108,238,54.62,2.79,1.47,2.57,4.91,406,7,4,2,6,79,1.36,33.8
"Marcos Alonso","Chelsea","Defender","Spain",29,140,288,68,63,215,369,831,800,639,1439,55.59,286,213,499,57.31,2.06,1.54,2.64,5.94,935,6.68,25,1,26,125,0.89,33.74
"Björn Engels","Aston-Villa","Defender","Belgium",26,17,11,55,0,28,85,53,71,39,110,64.55,55,27,82,67.07,0.65,1.65,5,3.12,124,7.29,1,0,1,5,0.29,33.58
"Kyle Bartley","West-Bromwich-Albion","Defender","England",29,23,32,72,2,26,115,59,95,50,145,65.52,46,22,68,67.65,1.39,1.13,5,2.57,175,7.61,6,0,6,22,0.96,33.53
"Phil Bardsley","Burnley","Defender","Scotland",35,300,728,78,56,423,1081,1154,1395,990,2385,58.49,302,284,586,51.54,2.43,1.41,3.6,3.85,2288,7.63,78,2,80,327,1.09,33.48
"Dale Stephens","Brighton-and-Hove-Albion","Midfielder","England",31,99,261,63,16,167,152,724,402,445,847,47.46,73,75,148,49.32,2.64,1.69,1.54,7.31,596,6.02,20,1,21,136,1.37,33.34
"Mario Lemina","Fulham","Midfielder","Gabon",27,47,105,69,12,80,63,260,278,207,485,57.32,55,30,85,64.71,2.23,1.7,1.34,5.53,260,5.53,7,0,7,60,1.28,33.28
"Henri Saivet","Newcastle-United","Midfielder","Senegal",29,5,18,67,0,9,10,24,23,20,43,53.49,3,7,10,30,3.6,1.8,2,4.8,37,7.4,0,0,0,1,0.2,33.22
"Jonjoe Kenny","Everton","Defender","England",23,31,64,78,2,46,107,138,142,122,264,53.79,62,43,105,59.05,2.06,1.48,3.45,4.45,219,7.06,3,0,3,28,0.9,33.19
"Jack O'Connell","Sheffield-United","Defender","England",26,35,26,58,3,44,151,192,190,124,314,60.51,140,76,216,64.81,0.74,1.26,4.31,5.49,224,6.4,4,0,4,22,0.63,33.14
"Adam Webster","Brighton-and-Hove-Albion","Defender","England",25,33,33,55,3,48,112,184,179,108,287,62.37,114,68,182,62.64,1,1.45,3.39,5.58,196,5.94,4,0,4,14,0.42,33.13
"Davinson Sánchez","Tottenham-Hotspur","Defender","Colombia",24,84,122,59,5,102,384,430,379,305,684,55.41,199,159,358,55.59,1.45,1.21,4.57,5.12,613,7.3,9,1,10,73,0.87,33.1
"Oriol Romeu","Southampton","Midfielder","Spain",29,183,471,69,38,328,254,1118,1000,921,1921,52.06,304,286,590,51.53,2.57,1.79,1.39,6.11,1091,5.96,49,0,49,253,1.38,32.95
"John Stones","Manchester-City","Defender","England",26,163,180,74,7,191,601,717,664,316,980,67.76,330,172,502,65.74,1.1,1.17,3.69,4.4,979,6.01,7,0,7,45,0.28,32.93
"Fernandinho","Manchester-City","Midfielder","Brazil",35,225,549,70,50,353,415,1300,1338,1193,2531,52.86,427,339,766,55.74,2.44,1.57,1.84,5.78,1367,6.08,46,4,50,324,1.44,32.85
"Toby Alderweireld","Tottenham-Hotspur","Defender","Belgium",31,176,226,74,27,183,976,824,556,442,998,55.71,282,266,548,51.46,1.28,1.04,5.55,4.68,1412,8.02,20,0,20,68,0.39,32.83
"Luke Ayling","Leeds-United","Defender","England",29,2,10,60,0,0,4,9,17,10,27,62.96,1,2,3,33.33,5,0,2,4.5,14,7,0,0,0,1,0.5,32.78
"Jack Stephens","Southampton","Defender","England",26,93,123,63,4,136,396,513,381,324,705,54.04,185,183,368,50.27,1.32,1.46,4.26,5.52,659,7.09,16,2,18,55,0.59,32.72
"Luka Milivojevic","Crystal-Palace","Midfielder","Serbia",29,121,264,64,41,227,202,736,597,597,1194,50,167,137,304,54.93,2.18,1.88,1.67,6.08,734,6.07,34,0,34,207,1.71,32.67
"Mason Holgate","Everton","Defender","England",23,65,113,68,3,81,274,285,319,227,546,58.42,124,120,244,50.82,1.74,1.25,4.22,4.38,471,7.25,11,0,11,43,0.66,32.66
"Frédéric Guilbert","Aston-Villa","Defender","France",25,25,74,58,2,49,62,104,164,172,336,48.81,48,68,116,41.38,2.96,1.96,2.48,4.16,187,7.48,7,0,7,36,1.44,32.62
"Andreas Christensen","Chelsea","Defender","Denmark",24,59,76,51,3,74,193,300,254,143,397,63.98,145,97,242,59.92,1.29,1.25,3.27,5.08,346,5.86,6,1,7,35,0.59,32.55
"Cheikhou Kouyaté","Crystal-Palace","Midfielder","Senegal",30,197,446,65,33,310,412,1035,1311,1091,2402,54.58,547,431,978,55.93,2.26,1.57,2.09,5.25,1201,6.1,25,1,26,242,1.23,32.52
"Rob Holding","Arsenal","Defender","England",25,41,50,70,3,54,170,192,176,142,318,55.35,96,64,160,60,1.22,1.32,4.15,4.68,277,6.76,8,0,8,32,0.78,32.22
"Tim Ream","Fulham","Defender","United States",32,40,42,57,0,65,197,178,126,114,240,52.5,66,67,133,49.62,1.05,1.62,4.92,4.45,304,7.6,2,0,2,16,0.4,32.15
"Robin Koch","Leeds-United","Defender","Germany",24,2,5,80,1,2,5,10,17,12,29,58.62,10,9,19,52.63,2.5,1,2.5,5,13,6.5,0,0,0,3,1.5,32.06
"Martin Kelly","Crystal-Palace","Defender","England",30,153,335,75,8,153,641,509,646,518,1164,55.5,240,192,432,55.56,2.19,1,4.19,3.33,1137,7.43,14,0,14,117,0.76,31.97
"Tyrone Mings","Aston-Villa","Defender","England",27,51,30,83,1,49,253,270,162,113,275,58.91,96,69,165,58.18,0.59,0.96,4.96,5.29,333,6.53,8,0,8,30,0.59,31.74
"Juan Foyth","Tottenham-Hotspur","Defender","Argentina",22,16,38,53,0,11,50,62,96,59,155,61.94,28,20,48,58.33,2.38,0.69,3.12,3.88,99,6.19,4,1,5,18,1.12,31.7
"Patrick van Aanholt","Crystal-Palace","Defender","Netherlands",30,191,350,69,51,326,439,1126,680,566,1246,54.57,69,88,157,43.95,1.83,1.71,2.3,5.9,1166,6.1,19,0,19,94,0.49,31.64
"Victor Lindelöf","Manchester-United","Defender","Sweden",26,83,86,62,5,63,311,461,319,191,510,62.55,188,117,305,61.64,1.04,0.76,3.75,5.55,465,5.6,8,0,8,53,0.64,31.6
"Sokratis","Arsenal","Defender","Greece",32,44,67,61,4,43,175,173,227,160,387,58.66,115,73,188,61.17,1.52,0.98,3.98,3.93,289,6.57,18,0,18,56,1.27,31.56
"Kieran Gibbs","West-Bromwich-Albion","Defender","England",30,172,332,68,20,307,496,715,757,640,1397,54.19,239,260,499,47.9,1.93,1.78,2.88,4.16,1155,6.72,17,2,19,112,0.65,31.56
"Rúben Neves","Wolverhampton-Wanderers","Midfielder","Portugal",23,75,139,47,55,131,77,601,263,290,553,47.56,60,62,122,49.18,1.85,1.75,1.03,8.01,402,5.36,17,0,17,66,0.88,31.48
"Arthur Masuaku","West-Ham-United","Defender","The Democratic Republic Of Congo",26,81,196,59,5,102,140,458,506,419,925,54.7,74,70,144,51.39,2.42,1.26,1.73,5.65,443,5.47,12,1,13,72,0.89,31.42
"James McCarthy","Crystal-Palace","Midfielder","Ireland",29,258,674,73,65,421,366,1284,1190,1014,2204,53.99,148,167,315,46.98,2.61,1.63,1.42,4.98,1526,5.91,48,1,49,309,1.2,31.32
"Ryan Fredericks","West-Ham-United","Defender","England",27,44,122,66,4,41,109,170,234,169,403,58.06,59,52,111,53.15,2.77,0.93,2.48,3.86,276,6.27,14,0,14,38,0.86,31.32
"Jack Robinson","Sheffield-United","Defender","England",27,9,14,43,0,10,28,37,35,21,56,62.5,14,10,24,58.33,1.56,1.11,3.11,4.11,52,5.78,1,0,1,5,0.56,31.21
"Aymeric Laporte","Manchester-City","Defender","France",26,59,63,52,7,70,147,342,226,144,370,61.08,127,79,206,61.65,1.07,1.19,2.49,5.8,287,4.86,5,0,5,40,0.68,31.11
"Joseph Gomez","Liverpool","Defender","England",23,73,111,74,4,100,166,406,322,245,567,56.79,140,109,249,56.22,1.52,1.37,2.27,5.56,381,5.22,15,0,15,58,0.79,31.02
"Eric Dier","Tottenham-Hotspur","Midfielder","England",26,176,286,73,32,257,530,729,822,703,1525,53.9,418,305,723,57.81,1.62,1.46,3.01,4.14,1105,6.28,33,0,33,164,0.93,30.95
"Timothy Castagne","Leicester-City","Defender","Belgium",24,2,4,25,0,3,3,8,11,6,17,64.71,6,5,11,54.55,2,1.5,1.5,4,10,5,0,0,0,1,0.5,30.91
"Davy Pröpper","Brighton-and-Hove-Albion","Midfielder","Netherlands",29,100,187,57,22,151,134,673,456,472,928,49.14,112,89,201,55.72,1.87,1.51,1.34,6.73,494,4.94,8,1,9,105,1.05,30.89
"Charlie Taylor","Burnley","Defender","England",27,74,111,50,1,86,186,377,411,285,696,59.05,144,104,248,58.06,1.5,1.16,2.51,5.09,384,5.19,8,0,8,39,0.53,30.75
"Ben Chilwell","Chelsea","Defender","England",23,99,157,63,10,117,261,529,637,542,1179,54.03,261,189,450,58,1.59,1.18,2.64,5.34,545,5.51,10,1,11,81,0.82,30.72
"Antonio Rüdiger","Chelsea","Defender","Germany",27,80,93,59,15,72,252,522,341,289,630,54.13,199,153,352,56.53,1.16,0.9,3.15,6.53,432,5.4,14,0,14,73,0.91,30.63
"Yerry Mina","Everton","Defender","Colombia",26,44,54,56,7,41,156,181,229,142,371,61.73,153,99,252,60.71,1.23,0.93,3.55,4.11,258,5.86,6,0,6,33,0.75,30.63
"Luke Shaw","Manchester-United","Defender","England",25,157,275,73,31,167,464,681,821,630,1451,56.58,261,198,459,56.86,1.75,1.06,2.96,4.34,937,5.97,29,1,30,138,0.88,30.51
"Joe Bryan","Fulham","Defender","England",27,30,66,67,7,37,74,135,147,115,262,56.11,32,37,69,46.38,2.2,1.23,2.47,4.5,184,6.13,5,0,5,27,0.9,30.45
"Fabian Delph","Everton","Midfielder","England",30,185,395,71,36,283,213,1011,987,706,1693,58.3,130,165,295,44.07,2.14,1.53,1.15,5.46,927,5.01,29,3,32,140,0.76,30.28
"Oliver Norwood","Sheffield-United","Midfielder","Northern Ireland",29,39,66,56,5,49,40,280,136,135,271,50.18,45,30,75,60,1.69,1.26,1.03,7.18,160,4.1,8,0,8,32,0.82,30.26
"Conor Coady","Wolverhampton-Wanderers","Defender","England",27,79,71,63,0,62,251,504,160,116,276,57.97,68,50,118,57.63,0.9,0.78,3.18,6.38,384,4.86,10,0,10,28,0.35,30.2
"William Smallbone","Southampton","Midfielder","Ireland",20,11,13,63,2,3,1,170.5,140.5,164,304.5,46.14,19.5,33,52.5,37.14,1.18,0.27,0.09,15.5,19,1.73,0,0,0,4,0.36,30.03
"João Cancelo","Manchester-City","Defender","Portugal",26,17,40,60,3,21,16,99,104,79,183,56.83,19,22,41,46.34,2.35,1.24,0.94,5.82,80,4.71,4,0,4,17,1,29.98
"Jorginho","Chelsea","Midfielder","Italy",28,70,147,54,9,130,64,533,256,306,562,45.55,29,60,89,32.58,2.1,1.86,0.91,7.61,350,5,18,0,18,63,0.9,29.9
"Ben Davies","Tottenham-Hotspur","Defender","Wales",27,201,390,69,32,263,625,689,957,842,1799,53.2,343,346,689,49.78,1.94,1.31,3.11,3.43,1310,6.52,26,0,26,162,0.81,29.83
"Granit Xhaka","Arsenal","Midfielder","Switzerland",27,132,254,66,40,133,208,885,650,607,1257,51.71,181,173,354,51.13,1.92,1.01,1.58,6.7,635,4.81,35,2,37,196,1.48,29.77
"Matt Targett","Aston-Villa","Defender","England",25,72,122,66,8,124,156,297,274,239,513,53.41,84,84,168,50,1.69,1.72,2.17,4.12,410,5.69,8,0,8,41,0.57,29.77
"Ben Johnson","West-Ham-United","Defender","England",20,4,9,44,0,4,13,13,18,20,38,47.37,7,5,12,58.33,2.25,1,3.25,3.25,26,6.5,0,0,0,8,2,29.69
"Jack Cork","Burnley","Midfielder","England",31,264,466,71,43,400,477,1565,1312,1335,2647,49.57,393,479,872,45.07,1.77,1.52,1.81,5.93,1386,5.25,32,0,32,211,0.8,29.57
"Michael Hector","Fulham","Defender","Jamaica",28,2,3,67,1,0,4,13,10,7,17,58.82,3,1,4,75,1.5,0,2,6.5,8,4,1,0,1,3,1.5,29.57
"Matt Doherty","Tottenham-Hotspur","Defender","Ireland",28,77,128,59,16,103,137,333,508,388,896,56.7,288,205,493,58.42,1.66,1.34,1.78,4.32,384,4.99,7,0,7,63,0.82,29.51
"André-Frank Zambo Anguissa","Fulham","Midfielder","Cameroon",24,24,54,59,10,37,30,135,148,151,299,49.5,24,32,56,42.86,2.25,1.54,1.25,5.62,131,5.46,1,1,2,26,1.08,29.45
"Andrew Robertson","Liverpool","Defender","Scotland",26,153,270,63,19,191,282,880,522,466,988,52.83,92,97,189,48.68,1.76,1.25,1.84,5.75,762,4.98,20,0,20,80,0.52,29.45
"Enda Stevens","Sheffield-United","Defender","Ireland",30,47,98,57,7,48,96,253,228,219,447,51.01,39,38,77,50.65,2.09,1.02,2.04,5.38,249,5.3,8,0,8,46,0.98,29.44
"Jonny","Wolverhampton-Wanderers","Defender","Spain",26,68,170,58,18,113,82,329,367,382,749,49,74,102,176,42.05,2.5,1.66,1.21,4.84,383,5.63,10,0,10,57,0.84,29.44
"Lee Peltier","West-Bromwich-Albion","Defender","England",33,20,39,64,0,18,53,70,78,54,132,59.09,30,26,56,53.57,1.95,0.9,2.65,3.5,110,5.5,4,0,4,15,0.75,29.27
"Neil Taylor","Aston-Villa","Defender","Wales",31,145,266,76,14,241,350,614,493,454,947,52.06,94,142,236,39.83,1.83,1.66,2.41,4.23,871,6.01,21,0,21,121,0.83,29.19
"Abdoulaye Doucouré","Everton","Midfielder","France",27,131,235,58,56,143,163,1019,576,658,1234,46.68,154,168,322,47.83,1.79,1.09,1.24,7.78,597,4.56,31,0,31,145,1.11,29.17
"Mark Noble","West-Ham-United","Midfielder","England",33,383,860,70,91,566,264,2330,1607,1534,3141,51.16,99,131,230,43.04,2.25,1.48,0.69,6.08,1781,4.65,81,5,86,380,0.99,29.16
"Fabinho","Liverpool","Midfielder","Brazil",26,58,126,55,11,67,43,292,293,242,535,54.77,99,69,168,58.93,2.17,1.16,0.74,5.03,247,4.26,12,0,12,63,1.09,29.15
"Matty James","Leicester-City","Midfielder","England",29,42,61,77,14,67,62,197,172,146,318,54.09,62,48,110,56.36,1.45,1.6,1.48,4.69,204,4.86,4,1,5,34,0.81,29.08
"Josh Brownhill","Burnley","Midfielder","England",24,11,15,53,3,19,17,52,52,42,94,55.32,21,20,41,51.22,1.36,1.73,1.55,4.73,54,4.91,2,0,2,8,0.73,29.07
"João Moutinho","Wolverhampton-Wanderers","Midfielder","Portugal",34,78,210,52,10,91,59,530,340,405,745,45.64,43,70,113,38.05,2.69,1.17,0.76,6.79,370,4.74,11,0,11,95,1.22,28.82
"James Justin","Leicester-City","Defender","England",22,15,39,49,2,15,28,75,96,90,186,51.61,24,42,66,36.36,2.6,1,1.87,5,84,5.6,2,0,2,11,0.73,28.68
"Rodrigo","Manchester-City","Midfielder","Spain",24,36,53,58,4,27,32,235,177,147,324,54.63,59,31,90,65.56,1.47,0.75,0.89,6.53,116,3.22,9,0,9,45,1.25,28.54
"Ahmed El Mohamady","Aston-Villa","Defender","Egypt",33,183,267,77,19,246,342,909,960,866,1826,52.57,444,410,854,51.99,1.46,1.34,1.87,4.97,874,4.78,12,1,13,152,0.83,28.53
"Isaac Hayden","Newcastle-United","Midfielder","England",25,82,171,56,20,104,102,316,424,372,796,53.27,161,122,283,56.89,2.09,1.27,1.24,3.85,397,4.84,15,2,17,92,1.12,28.42
"Aaron Cresswell","West-Ham-United","Defender","England",30,190,212,62,28,230,515,855,645,584,1229,52.48,260,208,468,55.56,1.12,1.21,2.71,4.5,985,5.18,23,1,24,88,0.46,28.42
"Leander Dendoncker","Wolverhampton-Wanderers","Midfielder","Belgium",25,59,124,47,6,61,92,246,328,271,599,54.76,158,138,296,53.38,2.1,1.03,1.56,4.17,283,4.8,6,0,6,43,0.73,28.4
"Gabriel Magalhães","Arsenal","Defender","Brazil",22,2,2,2,0,2,8,6,8,7,15,53.33,4,3,7,57.14,1,1,4,3,12,6,0,0,0,3,1.5,28.21
"Javier Manquillo","Newcastle-United","Defender","Spain",26,92,171,67,2,100,221,310,359,299,658,54.56,88,85,173,50.87,1.86,1.09,2.4,3.37,494,5.37,15,0,15,72,0.78,28.16
"Jordan Henderson","Liverpool","Midfielder","England",30,342,673,71,98,437,336,1878,1182,1223,2405,49.15,243,241,484,50.21,1.97,1.28,0.98,5.49,1544,4.51,34,2,36,299,0.87,28.12
"James McArthur","Crystal-Palace","Midfielder","Scotland",32,282,613,72,68,398,312,1448,1304,1452,2756,47.31,314,385,699,44.92,2.17,1.41,1.11,5.13,1391,4.93,45,0,45,370,1.31,28.04
"Diogo Dalot","Manchester-United","Defender","Portugal",21,20,27,52,5,12,31,58,65,37,102,63.73,25,6,31,80.65,1.35,0.6,1.55,2.9,75,3.75,3,0,3,13,0.65,28.02
"Marvelous Nakamba","Aston-Villa","Midfielder","Zimbabwe",26,29,55,51,0,39,32,155,115,110,225,51.11,23,29,52,44.23,1.9,1.34,1.1,5.34,126,4.34,5,0,5,26,0.9,27.85
"Séamus Coleman","Everton","Defender","Ireland",31,276,480,79,48,296,542,1272,1308,1157,2465,53.06,195,221,416,46.88,1.74,1.07,1.96,4.61,1366,4.95,29,2,31,194,0.7,27.76
"Oleksandr Zinchenko","Manchester-City","Defender","Ukraine",23,41,88,63,11,43,42,188,173,161,334,51.8,66,58,124,53.23,2.15,1.05,1.02,4.59,184,4.49,2,1,3,35,0.85,27.74
"Daniel Amartey","Leicester-City","Defender","Ghana",25,46,68,62,3,50,76,248,153,156,309,49.51,59,51,110,53.64,1.48,1.09,1.65,5.39,197,4.28,5,1,6,41,0.89,27.63
"Yves Bissouma","Brighton-and-Hove-Albion","Midfielder","Mali",24,52,115,63,11,57,48,239,285,261,546,52.2,48,49,97,49.48,2.21,1.1,0.92,4.6,231,4.44,9,1,10,74,1.42,27.58
"Brandon Pierrick","Crystal-Palace","Forward","England",18,2,0,73,0,0,1,34.5,51.5,72.5,124,41.53,11.5,25,36.5,31.51,0,0,0.5,17.25,1,0.5,0,0,0,0,0,27.38
"Paul Pogba","Manchester-United","Midfielder","France",27,112,157,67,81,83,116,718,824,753,1577,52.25,224,159,383,58.49,1.4,0.74,1.04,6.41,437,3.9,19,1,20,190,1.7,27.38
"Jean-Philippe Gbamin","Everton","Midfielder","Cote D'Ivoire",24,2,4,75,0,1,4,8,11,10,21,52.38,3,2,5,60,2,0.5,2,4,9,4.5,0,0,0,2,1,27.36
"Ezri Konsa Ngoyo","Aston-Villa","Defender","England",22,26,19,53,3,27,70,106,116,81,197,58.88,56,48,104,53.85,0.73,1.04,2.69,4.08,119,4.58,3,0,3,17,0.65,27.28
"Ashley Westwood","Burnley","Midfielder","England",30,222,336,68,48,321,241,1309,586,616,1202,48.75,94,124,218,43.12,1.51,1.45,1.09,5.9,946,4.26,38,0,38,195,0.88,27.28
"Ryan Bertrand","Southampton","Defender","England",31,231,338,68,34,331,396,897,987,897,1884,52.39,322,317,639,50.39,1.46,1.43,1.71,3.88,1099,4.76,31,2,33,211,0.91,27.28
"Sander Berge","Sheffield-United","Midfielder","Norway",22,16,24,71,2,11,16,62,85,53,138,61.59,38,18,56,67.86,1.5,0.69,1,3.88,53,3.31,0,0,0,19,1.19,27.22
"Darnell Furlong","West-Bromwich-Albion","Defender","England",24,5,3,100,1,9,12,11,27,23,50,54,15,9,24,62.5,0.6,1.8,2.4,2.2,25,5,1,0,1,5,1,27.05
"Timothy Fosu-Mensah","Manchester-United","Defender","Netherlands",22,49,80,69,5,65,110,175,151,135,286,52.8,31,46,77,40.26,1.63,1.33,2.24,3.57,260,5.31,8,0,8,36,0.73,26.94
"DeAndre Yedlin","Newcastle-United","Defender","United States",27,103,169,64,5,107,269,385,398,390,788,50.51,109,134,243,44.86,1.64,1.04,2.61,3.74,550,5.34,16,1,17,102,0.99,26.94
"Jake Livermore","West-Bromwich-Albion","Midfielder","England",30,180,363,70,41,227,164,903,633,665,1298,48.77,108,140,248,43.55,2.02,1.26,0.91,5.02,795,4.42,30,1,31,199,1.11,26.89
"Romaine Sawyers","West-Bromwich-Albion","Midfielder","Saint Kitts And Nevis",28,2,2,2,0,2,1,9,6,9,15,40,2,0,2,100,1,1,0.5,4.5,5,2.5,0,0,0,1,0.5,26.75
"Marçal","Wolverhampton-Wanderers","Defender","Brazil",31,2,2,50,0,2,3,4,11,5,16,68.75,6,3,9,66.67,1,1,1.5,2,7,3.5,1,0,1,1,0.5,26.73
"Kyle Walker-Peters","Southampton","Defender","England",23,24,41,66,2,28,36,116,137,101,238,57.56,17,37,54,31.48,1.71,1.17,1.5,4.83,107,4.46,3,0,3,14,0.58,26.65
"Dani Ceballos","Arsenal","Midfielder","Spain",24,26,49,51,6,37,14,163,127,129,256,49.61,12,26,38,31.58,1.88,1.42,0.54,6.27,106,4.08,1,0,1,21,0.81,26.64
"Yan Valery","Southampton","Defender","France",21,34,62,69,2,35,86,121,176,202,378,46.56,62,71,133,46.62,1.82,1.03,2.53,3.56,185,5.44,4,1,5,34,1,26.64
"Robbie Brady","Burnley","Midfielder","Ireland",28,142,241,73,54,136,214,578,596,572,1168,51.03,136,111,247,55.06,1.7,0.96,1.51,4.07,645,4.54,15,1,16,117,0.82,26.63
"Jeffrey Schlupp","Crystal-Palace","Midfielder","Ghana",27,148,278,70,43,177,217,585,773,757,1530,50.52,211,261,472,44.7,1.88,1.2,1.47,3.95,715,4.83,15,0,15,109,0.74,26.5
"Sead Kolasinac","Arsenal","Defender","Bosnia And Herzegovina",27,78,112,66,11,72,111,365,284,264,548,51.82,97,80,177,54.8,1.44,0.92,1.42,4.68,306,3.92,12,0,12,74,0.95,26.42
"Lucas Torreira","Arsenal","Midfielder","Uruguay",24,63,96,57,10,75,53,327,276,212,488,56.56,32,47,79,40.51,1.52,1.19,0.84,5.19,234,3.71,14,1,15,62,0.98,26.36
"Fred","Manchester-United","Midfielder","Brazil",27,46,89,55,13,54,35,339,205,250,455,45.05,12,32,44,27.27,1.93,1.17,0.76,7.37,191,4.15,10,0,10,67,1.46,26.33
"Scott McTominay","Manchester-United","Midfielder","Scotland",23,59,69,64,17,62,62,259,288,224,512,56.25,94,69,163,57.67,1.17,1.05,1.05,4.39,210,3.56,6,0,6,59,1,26.24
"Jarrad Branthwaite","Everton","Defender","England",18,4,8,88,0,2,11,18,20,21,41,48.78,9,15,24,37.5,2,0.5,2.75,4.5,21,5.25,0,0,0,4,1,26.19
"Trent Alexander-Arnold","Liverpool","Defender","England",21,95,158,64,27,114,184,546,264,319,583,45.28,31,73,104,29.81,1.66,1.2,1.94,5.75,483,5.08,11,0,11,50,0.53,26.18
"Tariq Lamptey","Brighton-and-Hove-Albion","Defender","England",19,11,12,83,2,23,16,41,57,51,108,52.78,5,10,15,33.33,1.09,2.09,1.45,3.73,53,4.82,3,0,3,16,1.45,26.15
"Emerson","Chelsea","Defender","Italy",26,30,43,58,6,28,31,104,122,74,196,62.24,25,21,46,54.35,1.43,0.93,1.03,3.47,108,3.6,3,0,3,15,0.5,26.15
"Ainsley Maitland-Niles","Arsenal","Midfielder","England",23,54,101,62,3,62,66,223,218,207,425,51.29,29,38,67,43.28,1.87,1.15,1.22,4.13,232,4.3,6,2,8,35,0.65,26.11
"Muhamed Besic","Everton","Midfielder","Bosnia And Herzegovina",28,46,93,76,7,34,56,154,186,165,351,52.99,21,16,37,56.76,2.02,0.74,1.22,3.35,190,4.13,11,0,11,42,0.91,26.07
"Héctor Bellerín","Arsenal","Defender","Spain",25,160,214,78,32,208,304,732,611,709,1320,46.29,161,215,376,42.82,1.34,1.3,1.9,4.58,758,4.74,23,0,23,125,0.78,25.91
"Steven Alzate","Brighton-and-Hove-Albion","Midfielder","Colombia",22,21,34,63,7,15,13,170.5,140.5,164,304.5,46.14,19.5,33,52.5,37.14,1.62,0.71,0.62,8.12,69,3.29,1,0,1,21,1,25.87
"Kevin McDonald","Fulham","Midfielder","Scotland",31,41,60,70,7,43,37,131,117,116,233,50.21,28,13,41,68.29,1.46,1.05,0.9,3.2,147,3.59,9,1,10,33,0.8,25.71
"Jamal Lewis","Newcastle-United","Defender","Northern Ireland",22,30,53,70,2,27,57,150,122,107,229,53.28,9,24,33,27.27,1.77,0.9,1.9,5,139,4.63,5,0,5,16,0.53,25.69
"Reece James","Chelsea","Defender","England",20,26,43,67,6,26,27,108,137,121,258,53.1,42,44,86,48.84,1.65,1,1.04,4.15,102,3.92,1,0,1,24,0.92,25.68
"Matteo Guendouzi","Arsenal","Midfielder","France",21,57,75,56,11,59,58,284,263,217,480,54.79,31,40,71,43.66,1.32,1.04,1.02,4.98,203,3.56,15,0,15,41,0.72,25.51
"George Baldock","Sheffield-United","Defender","England",27,40,64,69,4,36,70,177,192,182,374,51.34,41,60,101,40.59,1.6,0.9,1.75,4.42,174,4.35,7,0,7,52,1.3,25.51
"Douglas Luiz","Aston-Villa","Midfielder","Brazil",22,37,46,52,17,36,47,211,150,163,313,47.92,31,36,67,46.27,1.24,0.97,1.27,5.7,146,3.95,8,0,8,51,1.38,25.43
"Kieran Tierney","Arsenal","Defender","Scotland",23,16,21,81,1,12,32,63,55,38,93,59.14,10,16,26,38.46,1.31,0.75,2,3.94,66,4.12,2,0,2,9,0.56,25.18
"Neco Williams","Liverpool","Defender","Wales",19,6,5,60,5,9,3,16,19,15,34,55.88,6,3,9,66.67,0.83,1.5,0.5,2.67,22,3.67,1,0,1,5,0.83,25.04
"Maximilian Kilman","Wolverhampton-Wanderers","Defender","England",23,4,4,50,0,4,7,9,17,11,28,60.71,12,10,22,54.55,1,1,1.75,2.25,15,3.75,0,0,0,2,0.5,24.94
"John McGinn","Aston-Villa","Midfielder","Scotland",25,29,53,66,12,26,15,157,193,185,378,51.06,19,35,54,35.19,1.83,0.9,0.52,5.41,106,3.66,4,0,4,38,1.31,24.64
"Jonjo Shelvey","Newcastle-United","Midfielder","England",28,215,261,71,105,198,175,1111,573,609,1182,48.48,109,101,210,51.9,1.21,0.92,0.81,5.17,739,3.44,33,4,37,178,0.83,24.63
"Tom Cairney","Fulham","Midfielder","Scotland",29,43,57,63,11,32,22,219,187,146,333,56.16,21,23,44,47.73,1.33,0.74,0.51,5.09,122,2.84,2,0,2,22,0.51,24.6
"Matthew Cash","Aston-Villa","Defender","England",23,1,1,1,2,2,4,5,1,2,3,33.33,0,2,2,0,1,2,4,5,9,9,1,0,1,0,0,24.5
"Brandon Williams","Manchester-United","Defender","England",20,17,21,71,1,16,14,68,62,53,115,53.91,10,9,19,52.63,1.24,0.94,0.82,4,52,3.06,6,0,6,13,0.76,24.5
"Ben White","Brighton-and-Hove-Albion","Defender","England",22,2,2,100,0,2,2,5,8,5,13,61.54,4,3,7,57.14,1,1,1,2.5,6,3,0,0,0,2,1,24.44
"Matt Ritchie","Newcastle-United","Midfielder","Scotland",31,128,193,68,76,150,173,637,507,649,1156,43.86,113,211,324,34.88,1.51,1.17,1.35,4.98,592,4.62,24,0,24,159,1.24,24.36
"Felipe Anderson","West-Ham-United","Midfielder","Brazil",27,63,136,60,25,63,22,339,366,387,753,48.61,16,45,61,26.23,2.16,1,0.35,5.38,246,3.9,4,0,4,44,0.7,24.22
"Mateo Kovacic","Chelsea","Midfielder","Croatia",26,64,108,62,24,30,34,300,320,222,542,59.04,19,27,46,41.3,1.69,0.47,0.53,4.69,196,3.06,11,0,11,40,0.62,24.11
"Jack Wilshere","West-Ham-United","Midfielder","England",28,182,217,74,43,153,53,915,926,793,1719,53.87,59,60,119,49.58,1.19,0.84,0.29,5.03,466,2.56,36,2,38,169,0.93,24
"André Gomes","Everton","Midfielder","Portugal",27,48,64,63,6,27,25,308,229,338,567,40.39,56,45,101,55.45,1.33,0.56,0.52,6.42,122,2.54,13,0,13,89,1.85,23.81
"Jack Rodwell","Sheffield-United","Midfielder","England",29,167,212,78,63,113,227,482,470,423,893,52.63,148,114,262,56.49,1.27,0.68,1.36,2.89,615,3.68,26,1,27,135,0.81,23.69
"Youri Tielemans","Leicester-City","Midfielder","Belgium",23,52,71,55,28,32,23,279,218,216,434,50.23,39,44,83,46.99,1.37,0.62,0.44,5.37,154,2.96,4,0,4,43,0.83,23.55
"James Rodríguez","Everton","Midfielder","Colombia",29,2,3,33,1,3,0,9,12,10,22,54.55,1,3,4,25,1.5,1.5,0,4.5,7,3.5,0,0,0,1,0.5,23.43
"Hamza Choudhury","Leicester-City","Midfielder","England",22,37,50,46,6,47,28,106,86,96,182,47.25,17,17,34,50,1.35,1.27,0.76,2.86,131,3.54,3,1,4,24,0.65,23.27
"Emil Krafth","Newcastle-United","Defender","Sweden",26,17,18,67,1,8,40,43,36,28,64,56.25,8,9,17,47.06,1.06,0.47,2.35,2.53,67,3.94,0,0,0,4,0.24,23.26
"Adam Forshaw","Leeds-United","Midfielder","England",28,35,62,69,9,36,23,176,133,169,302,44.04,17,41,58,29.31,1.77,1.03,0.66,5.03,130,3.71,4,0,4,33,0.94,23.07
"Nampalys Mendy","Leicester-City","Midfielder","France",28,44,45,58,1,37,30,198,141,113,254,55.51,17,24,41,41.46,1.02,0.84,0.68,4.5,113,2.57,7,0,7,34,0.77,23.06
"Sean Longstaff","Newcastle-United","Midfielder","England",22,33,52,62,10,29,28,119,123,134,257,47.86,26,33,59,44.07,1.58,0.88,0.85,3.61,119,3.61,4,1,5,24,0.73,23.06
"John Lundstram","Sheffield-United","Midfielder","England",26,36,47,66,10,34,44,165,105,148,253,41.5,26,36,62,41.94,1.31,0.94,1.22,4.58,135,3.75,6,0,6,30,0.83,22.92
"Rachid Ghezzal","Leicester-City","Midfielder","Algeria",28,19,14,63,10,7,3,170.5,140.5,164,304.5,46.14,19.5,33,52.5,37.14,0.74,0.37,0.16,8.97,34,1.79,3,0,3,13,0.68,22.8
"Georginio Wijnaldum","Liverpool","Midfielder","Netherlands",29,181,200,68,55,117,124,989,696,725,1421,48.98,142,197,339,41.89,1.1,0.65,0.69,5.46,496,2.74,7,0,7,84,0.46,22.73
"Jean Michael Seri","Fulham","Midfielder","Cote D'Ivoire",29,32,41,68,7,32,14,158,93,112,205,45.37,14,20,34,41.18,1.28,1,0.44,4.94,94,2.94,6,0,6,32,1,22.72
"Miguel Almirón","Newcastle-United","Midfielder","Paraguay",26,48,81,63,25,39,20,256,222,205,427,51.99,11,37,48,22.92,1.69,0.81,0.42,5.33,165,3.44,5,0,5,37,0.77,22.71
"Marc Albrighton","Leicester-City","Midfielder","England",30,258,425,75,75,261,169,1232,962,1124,2086,46.12,69,184,253,27.27,1.65,1.01,0.66,4.78,930,3.6,32,1,33,167,0.65,22.57
"Jairo Riedewald","Crystal-Palace","Midfielder","Netherlands",24,29,25,72,2,29,31,70,45,33,78,57.69,7,8,15,46.67,0.86,1,1.07,2.41,87,3,0,0,0,6,0.21,22.49
"Mohamed Elneny","Arsenal","Midfielder","Egypt",28,47,57,54,22,41,41,211,109,107,216,50.46,18,34,52,34.62,1.21,0.87,0.87,4.49,161,3.43,7,1,8,24,0.51,22.46
"John Fleck","Sheffield-United","Midfielder","Scotland",29,32,39,72,12,26,22,177,120,136,256,46.88,14,28,42,33.33,1.22,0.81,0.69,5.53,99,3.09,8,0,8,27,0.84,22.41
"Dele Alli","Tottenham-Hotspur","Midfielder","England",24,157,237,65,82,127,99,750,817,1078,1895,43.11,121,184,305,39.67,1.51,0.81,0.63,4.78,545,3.47,24,0,24,178,1.13,22.36
"Moussa Sissoko","Tottenham-Hotspur","Midfielder","France",31,235,280,78,54,163,176,1273,1069,1390,2459,43.47,240,332,572,41.96,1.19,0.69,0.75,5.42,673,2.86,36,2,38,276,1.17,22.31
"Harrison Reed","Fulham","Midfielder","England",25,19,36,83,1,26,14,45,60,64,124,48.39,7,21,28,25,1.89,1.37,0.74,2.37,77,4.05,0,0,0,8,0.42,22.07
"Harry Winks","Tottenham-Hotspur","Midfielder","England",24,96,88,65,8,73,64,394,230,237,467,49.25,33,33,66,50,0.92,0.76,0.67,4.1,233,2.43,14,0,14,59,0.61,22.07
"Jóhann Gudmundsson","Burnley","Midfielder","Iceland",29,96,93,61,32,91,90,386,313,369,682,45.89,93,115,208,44.71,0.97,0.95,0.94,4.02,306,3.19,5,0,5,41,0.43,22.06
"Tanguy Ndombele","Tottenham-Hotspur","Midfielder","France",23,23,24,67,3,14,8,83,102,72,174,58.62,8,9,17,47.06,1.04,0.61,0.35,3.61,49,2.13,4,0,4,15,0.65,22.06
"Bukayo Saka","Arsenal","Midfielder","England",19,28,36,63,5,12,12,170.5,140.5,164,304.5,46.14,19.5,33,52.5,37.14,1.29,0.43,0.43,6.09,65,2.32,6,0,6,22,0.79,21.88
"Luke Thomas","Leicester-City","Defender","England",19,3,1,1,0,3,7,12,12,15,27,44.44,5,8,13,38.46,0.33,1,2.33,4,11,3.67,0,0,0,1,0.33,21.83
"Adam Lallana","Brighton-and-Hove-Albion","Midfielder","England",32,198,322,75,91,166,126,839,886,1078,1964,45.11,120,249,369,32.52,1.63,0.84,0.64,4.24,705,3.56,17,0,17,142,0.72,21.81
"Naby Keita","Liverpool","Midfielder","Guinea",25,45,69,42,11,25,17,202,164,174,338,48.52,20,31,51,39.22,1.53,0.56,0.38,4.49,122,2.71,1,0,1,35,0.78,21.76
"Tyler Roberts","Leeds-United","Forward","Wales",21,3,1,73,1,0,0,34.5,51.5,72.5,124,41.53,11.5,25,36.5,31.51,0.33,0,0,11.5,2,0.67,1,0,1,3,1,21.71
"Eric García","Manchester-City","Defender","Spain",19,13,6,17,0,18,31,38,25,34,59,42.37,11,20,31,35.48,0.46,1.38,2.38,2.92,55,4.23,1,0,1,9,0.69,21.68
"Adrien Silva","Leicester-City","Midfielder","Portugal",31,14,24,63,5,15,1,63,52,75,127,40.94,11,21,32,34.38,1.71,1.07,0.07,4.5,45,3.21,3,0,3,9,0.64,21.67
"Semi Ajayi","West-Bromwich-Albion","Defender","Nigeria",26,2,0,0,0,2,3,9,1,7,8,12.5,1,0,1,100,0,1,1.5,4.5,5,2.5,1,0,1,2,1,21.62
"Jack Harrison","Leeds-United","Midfielder","England",23,2,3,67,1,2,0,7,11,15,26,42.31,2,2,4,50,1.5,1,0,3.5,6,3,0,0,0,1,0.5,21.6
"Benjamin Mendy","Manchester-City","Defender","France",26,37,40,75,11,35,43,175,104,164,268,38.81,28,47,75,37.33,1.08,0.95,1.16,4.73,129,3.49,7,0,7,32,0.86,21.57
"Manuel Lanzini","West-Ham-United","Midfielder","Argentina",27,122,123,67,56,118,30,682,533,513,1046,50.96,20,61,81,24.69,1.01,0.97,0.25,5.59,327,2.68,19,0,19,50,0.41,21.51
"Tom Davies","Everton","Midfielder","England",22,106,132,61,25,100,63,415,417,486,903,46.18,72,118,190,37.89,1.25,0.94,0.59,3.92,320,3.02,22,0,22,116,1.09,21.47
"Ilkay Gündogan","Manchester-City","Midfielder","Germany",29,102,83,60,47,84,45,462,262,273,535,48.97,43,56,99,43.43,0.81,0.82,0.44,4.53,259,2.54,13,0,13,45,0.44,21.36
"Gareth Bale","Tottenham-Hotspur","Forward","Wales",31,146,220,73,113,240,295,34.5,51.5,72.5,124,41.53,11.5,25,36.5,31.51,1.51,1.64,2.02,0.24,868,5.95,15,1,16,86,0.59,21.35
"James Milner","Liverpool","Midfielder","England",34,539,803,77,174,437,423,1751,1843,2223,4066,45.33,337,514,851,39.6,1.49,0.81,0.78,3.25,1837,3.41,65,3,68,438,0.81,21.33
"Michail Antonio","West-Ham-United","Forward","England",30,135,120,71,72,126,123,479,926,1066,1992,46.49,316,413,729,43.35,0.89,0.93,0.91,3.55,441,3.27,14,1,15,153,1.13,21.24
"Robert Snodgrass","West-Ham-United","Midfielder","Scotland",33,160,265,72,78,106,105,623,864,1119,1983,43.57,158,271,429,36.83,1.66,0.66,0.66,3.89,554,3.46,30,0,30,199,1.24,21.23
"Bruno Fernandes","Manchester-United","Midfielder","Portugal",26,15,24,54,9,11,14,75,57,76,133,42.86,3,11,14,21.43,1.6,0.73,0.93,5,58,3.87,2,0,2,10,0.67,21.16
"Kevin De Bruyne","Manchester-City","Midfielder","Belgium",29,156,214,68,97,88,59,758,633,768,1401,45.18,64,103,167,38.32,1.37,0.56,0.38,4.86,458,2.94,14,0,14,122,0.78,21.14
"Andros Townsend","Crystal-Palace","Midfielder","England",29,211,353,71,112,177,82,913,1025,1045,2070,49.52,19,76,95,20,1.67,0.84,0.39,4.33,724,3.43,14,0,14,78,0.37,21.04
"Jack Grealish","Aston-Villa","Midfielder","England",25,71,45,71,33,44,17,293,419,293,712,58.85,29,42,71,40.85,0.63,0.62,0.24,4.13,139,1.96,9,0,9,47,0.66,20.84
"Ethan Ampadu","Sheffield-United","Defender","Wales",20,2,2,100,0,0,9,1,4,3,7,57.14,1,3,4,25,1,0,4.5,0.5,11,5.5,0,0,0,0,0,20.82
"James Ward-Prowse","Southampton","Midfielder","England",25,233,262,64,71,188,249,914,613,874,1487,41.22,182,303,485,37.53,1.12,0.81,1.07,3.92,770,3.3,28,1,29,193,0.83,20.69
"Giovani Lo Celso","Tottenham-Hotspur","Midfielder","Argentina",24,29,51,57,7,9,17,124,140,151,291,48.11,9,22,31,29.03,1.76,0.31,0.59,4.28,84,2.9,7,0,7,30,1.03,20.61
"Kai Havertz","Chelsea","Midfielder","Germany",21,2,3,67,0,0,1,10,6,9,15,40,2,2,4,50,1.5,0,0.5,5,4,2,0,0,0,2,1,20.5
"Rúben Vinagre","Wolverhampton-Wanderers","Defender","Portugal",21,34,40,60,2,26,31,102,107,116,223,47.98,16,28,44,36.36,1.18,0.76,0.91,3,99,2.91,2,0,2,19,0.56,20.43
"Dwight McNeil","Burnley","Midfielder","England",20,61,83,63,25,43,59,170.5,140.5,164,304.5,46.14,19.5,33,52.5,37.14,1.36,0.7,0.97,2.8,210,3.44,7,0,7,45,0.74,20.39
"Solly March","Brighton-and-Hove-Albion","Midfielder","England",26,92,140,56,31,62,66,345,372,456,828,44.93,52,124,176,29.55,1.52,0.67,0.72,3.75,299,3.25,6,0,6,70,0.76,20.33
"Conor Hourihane","Aston-Villa","Midfielder","Ireland",29,28,16,63,13,9,27,73,54,50,104,51.92,14,9,23,60.87,0.57,0.32,0.96,2.61,65,2.32,4,0,4,15,0.54,20.31
"Ross Barkley","Chelsea","Midfielder","England",26,202,172,73,145,76,108,755,973,1048,2021,48.14,170,168,338,50.3,0.85,0.38,0.53,3.74,501,2.48,18,0,18,155,0.77,20.05
"Sam Field","West-Bromwich-Albion","Midfielder","England",22,20,21,86,4,15,9,56,47,55,102,46.08,12,14,26,46.15,1.05,0.75,0.45,2.8,49,2.45,5,0,5,16,0.8,19.88
"James Maddison","Leicester-City","Midfielder","England",23,69,107,58,54,21,10,291,394,328,722,54.57,18,58,76,23.68,1.55,0.3,0.14,4.22,192,2.78,7,1,8,62,0.9,19.76
"Fousseni Diabaté","Leicester-City","Forward","Mali",24,15,11,55,0,8,7,35,57,53,110,51.82,15,13,28,53.57,0.73,0.53,0.47,2.33,26,1.73,1,0,1,1,0.07,19.58
"Ruben Loftus-Cheek","Chelsea","Midfielder","England",24,78,54,69,27,44,41,266,355,337,692,51.3,65,93,158,41.14,0.69,0.56,0.53,3.41,166,2.13,1,0,1,39,0.5,19.42
"Gylfi Sigurdsson","Everton","Midfielder","Iceland",31,284,348,67,203,283,163,1015,863,1223,2086,41.37,88,246,334,26.35,1.23,1,0.57,3.57,997,3.51,20,0,20,193,0.68,19.34
"Axel Tuanzebe","Manchester-United","Defender","England",22,10,11,64,1,12,12,28,24,37,61,39.34,5,17,22,22.73,1.1,1.2,1.2,2.8,36,3.6,0,0,0,9,0.9,19.12
"Alex Oxlade-Chamberlain","Liverpool","Midfielder","England",27,196,188,74,87,133,75,566,707,704,1411,50.11,76,131,207,36.71,0.96,0.68,0.38,2.89,483,2.46,10,0,10,104,0.53,19.09
"Matt Phillips","West-Bromwich-Albion","Midfielder","Scotland",29,110,100,65,40,70,83,408,435,648,1083,40.17,114,171,285,40,0.91,0.64,0.75,3.71,293,2.66,6,0,6,57,0.52,19.06
"Nathan Redmond","Southampton","Midfielder","England",26,208,253,64,108,113,74,901,924,1114,2038,45.34,69,187,256,26.95,1.22,0.54,0.36,4.33,548,2.63,12,1,13,155,0.75,19.04
"Jeff Hendrick","Newcastle-United","Midfielder","Ireland",28,124,91,55,38,80,93,510,349,520,869,40.16,94,147,241,39,0.73,0.65,0.75,4.11,302,2.44,19,1,20,97,0.78,18.93
"Bernardo Silva","Manchester-City","Midfielder","Portugal",26,105,115,65,50,59,46,366,334,378,712,46.91,30,65,95,31.58,1.1,0.56,0.44,3.49,270,2.57,8,0,8,63,0.6,18.77
"Moussa Djenepo","Southampton","Midfielder","Mali",22,20,28,75,4,10,9,52,117,102,219,53.42,6,19,25,24,1.4,0.5,0.45,2.6,51,2.55,4,1,5,26,1.3,18.69
"Dennis Praet","Leicester-City","Midfielder","Belgium",26,29,37,49,10,20,12,85,72,89,161,44.72,7,16,23,30.43,1.28,0.69,0.41,2.93,79,2.72,2,0,2,20,0.69,18.57
"Trézéguet","Aston-Villa","Midfielder","Egypt",25,35,40,45,22,27,14,80,134,175,309,43.37,32,48,80,40,1.14,0.77,0.4,2.29,103,2.94,2,1,3,39,1.11,18.56
"Ben Osborn","Sheffield-United","Midfielder","England",26,14,15,67,1,6,6,45,31,38,69,44.93,6,9,15,40,1.07,0.43,0.43,3.21,28,2,0,0,0,9,0.64,18.56
"Jamie Shackleton","Leeds-United","Midfielder","England",20,1,1,100,0,0,0,1,2,0,2,100,0,0,0,0,1,0,0,1,1,1,0,0,0,0,0,18.5
"Erik Lamela","Tottenham-Hotspur","Midfielder","Argentina",28,155,247,74,72,103,32,546,633,869,1502,42.14,38,124,162,23.46,1.59,0.66,0.21,3.52,454,2.93,26,0,26,213,1.37,18.46
"Ryan Sessegnon","Tottenham-Hotspur","Midfielder","England",20,41,29,62,6,22,48,156,113,177,290,38.97,24,45,69,34.78,0.71,0.54,1.17,3.8,105,2.56,0,0,0,24,0.59,18.27
"Matthew Longstaff","Newcastle-United","Midfielder","England",20,9,3,33,1,5,3,38,17,29,46,36.96,6,5,11,54.55,0.33,0.56,0.33,4.22,12,1.33,1,0,1,6,0.67,18.22
"Tyrick Mitchell","Crystal-Palace","Defender","England",21,6,15,53,0,3,5,17,19,26,45,42.22,0,9,9,0,2.5,0.5,0.83,2.83,23,3.83,1,0,1,2,0.33,18.16
"Nathan Tella","Southampton","Midfielder","England",21,2,0,0,0,0,0,0,7,1,8,87.5,1,1,2,50,0,0,0,0,0,0,0,0,0,0,0,18.12
"Sofiane Boufal","Southampton","Midfielder","Morocco",27,70,91,63,28,15,9,212,371,410,781,47.5,23,37,60,38.33,1.3,0.21,0.13,3.03,143,2.04,8,0,8,77,1.1,18.06
"Stuart Armstrong","Southampton","Midfielder","Scotland",28,60,61,64,23,23,34,189,184,241,425,43.29,31,52,83,37.35,1.02,0.38,0.57,3.15,141,2.35,6,0,6,47,0.78,17.92
"Anthony Gordon","Everton","Forward","England",19,11,11,73,2,8,1,34.5,51.5,72.5,124,41.53,11.5,25,36.5,31.51,1,0.73,0.09,3.14,22,2,0,0,0,10,0.91,17.35
"Mesut Özil","Arsenal","Midfielder","Germany",31,184,161,68,58,75,37,778,625,744,1369,45.65,28,83,111,25.23,0.88,0.41,0.2,4.23,331,1.8,13,0,13,95,0.52,17.33
"Ryan Fraser","Newcastle-United","Midfielder","Scotland",26,121,57,65,38,67,80,413,364,360,724,50.28,31,97,128,24.22,0.47,0.55,0.66,3.41,242,2,7,0,7,40,0.33,17.19
"Marko Grujic","Liverpool","Midfielder","Serbia",24,8,3,67,0,0,0,3,12,7,19,63.16,5,3,8,62.5,0.38,0,0,0.38,3,0.38,1,0,1,2,0.25,17.05
"Stefan Johansen","Fulham","Midfielder","Norway",29,12,10,30,0,3,5,35,17,18,35,48.57,3,6,9,33.33,0.83,0.25,0.42,2.92,18,1.5,4,0,4,6,0.5,16.99
"Max Meyer","Crystal-Palace","Midfielder","Germany",25,46,52,56,14,22,20,116,111,110,221,50.23,6,25,31,19.35,1.13,0.48,0.43,2.52,108,2.35,4,0,4,16,0.35,16.9
"Richarlison","Everton","Forward","Brazil",23,111,190,73,80,53,109,34.5,51.5,72.5,124,41.53,11.5,25,36.5,31.51,1.71,0.48,0.98,0.31,432,3.89,17,1,18,114,1.03,16.88
"Pablo Fornals","West-Ham-United","Midfielder","Spain",24,38,47,60,10,26,8,160,92,158,250,36.8,10,49,59,16.95,1.24,0.68,0.21,4.21,91,2.39,3,0,3,19,0.5,16.88
"Thiago","Liverpool","Midfielder","Spain",29,1,1,1,0,1,0,3,2,7,9,22.22,1,1,2,50,1,1,0,3,2,2,0,0,0,3,3,16.83
"Pablo Hernández","Leeds-United","Midfielder","Spain",35,58,56,68,23,54,26,203,159,254,413,38.5,6,33,39,15.38,0.97,0.93,0.45,3.5,159,2.74,5,0,5,29,0.5,16.7
"Jarrod Bowen","West-Ham-United","Forward","England",23,22,24,73,14,19,4,34.5,51.5,72.5,124,41.53,11.5,25,36.5,31.51,1.09,0.86,0.18,1.57,61,2.77,0,0,0,8,0.36,16.53
"Jake Vokins","Southampton","Defender","England",20,1,2,100,0,0,1,1,3,2,5,60,0,0,0,0,2,0,1,1,3,3,0,0,0,0,0,16.5
"Juan Mata","Manchester-United","Midfielder","Spain",32,262,196,71,99,132,63,1084,616,890,1506,40.9,22,68,90,24.44,0.75,0.5,0.24,4.14,490,1.87,19,1,20,134,0.51,16.45
"Grady Diangana","West-Bromwich-Albion","Midfielder","England",22,19,23,48,3,4,5,49,72,85,157,45.86,9,22,31,29.03,1.21,0.21,0.26,2.58,35,1.84,0,0,0,4,0.21,16.41
"Mason Mount","Chelsea","Midfielder","England",21,39,43,44,28,18,19,151,136,211,347,39.19,10,48,58,17.24,1.1,0.46,0.49,3.87,108,2.77,3,0,3,40,1.03,16.34
"Pascal Groß","Brighton-and-Hove-Albion","Midfielder","Germany",29,93,101,50,29,37,48,313,216,387,603,35.82,49,123,172,28.49,1.09,0.4,0.52,3.37,215,2.31,7,0,7,67,0.72,16.3
"Ola Aina","Fulham","Defender","Nigeria",23,3,0,0,0,0,1,2,1,0,1,100,0,0,0,0,0,0,0.33,0.67,1,0.33,0,0,0,0,0,16.16
"Bertrand Traoré","Aston-Villa","Forward","Burkina Faso",25,10,9,73,7,2,3,34.5,51.5,72.5,124,41.53,11.5,25,36.5,31.51,0.9,0.2,0.3,3.45,21,2.1,0,0,0,3,0.3,16.13
"Josh Onomah","Fulham","Midfielder","England",23,15,10,90,1,1,2,8,17,17,34,50,3,2,5,60,0.67,0.07,0.13,0.53,14,0.93,0,0,0,4,0.27,16.11
"Ayoze Pérez","Leicester-City","Forward","Spain",27,178,240,73,60,137,96,34.5,51.5,72.5,124,41.53,11.5,25,36.5,31.51,1.35,0.77,0.54,0.19,533,2.99,9,0,9,182,1.02,16.07
"Vitinha","Wolverhampton-Wanderers","Midfielder","Portugal",20,1,0,0,0,0,0,1,1,0,1,100,0,0,0,0,0,0,0,1,0,0,0,0,0,0,0,16
"Joseph Willock","Arsenal","Midfielder","England",21,33,30,60,4,6,10,64,75,76,151,49.67,9,18,27,33.33,0.91,0.18,0.3,1.94,50,1.52,2,0,2,13,0.39,15.99
"Jordan Ayew","Crystal-Palace","Forward","Ghana",29,139,226,73,73,76,55,34.5,51.5,72.5,124,41.53,11.5,25,36.5,31.51,1.63,0.55,0.4,0.25,430,3.09,18,2,20,222,1.6,15.96
"Harvey Barnes","Leicester-City","Midfielder","England",22,57,28,68,32,11,9,138,180,192,372,48.39,37,51,88,42.05,0.49,0.19,0.16,2.42,80,1.4,0,0,0,30,0.53,15.92
"Bernard","Everton","Forward","Brazil",28,61,81,73,14,43,19,34.5,51.5,72.5,124,41.53,11.5,25,36.5,31.51,1.33,0.7,0.31,0.57,157,2.57,7,0,7,36,0.59,15.84
"Lucas Moura","Tottenham-Hotspur","Forward","Brazil",28,75,95,73,29,42,51,34.5,51.5,72.5,124,41.53,11.5,25,36.5,31.51,1.27,0.56,0.68,0.46,217,2.89,6,0,6,62,0.83,15.72
"Christian Pulisic","Chelsea","Midfielder","United States",22,25,23,48,15,6,7,79,128,190,318,40.25,20,45,65,30.77,0.92,0.24,0.28,3.16,51,2.04,0,0,0,14,0.56,15.71
"Harry Wilson","Liverpool","Midfielder","Wales",23,31,23,57,25,11,11,85,87,92,179,48.6,6,22,28,21.43,0.74,0.35,0.35,2.74,70,2.26,2,0,2,12,0.39,15.6
"Rodrigo Moreno","Leeds-United","Forward","Spain",29,19,15,73,6,12,5,34.5,51.5,72.5,124,41.53,11.5,25,36.5,31.51,0.79,0.63,0.26,1.82,38,2,0,0,0,9,0.47,15.46
"David McGoldrick","Sheffield-United","Forward","Ireland",32,30,41,73,9,3,24,34.5,51.5,72.5,124,41.53,11.5,25,36.5,31.51,1.37,0.1,0.8,1.15,77,2.57,2,0,2,33,1.1,15.46
"Xherdan Shaqiri","Liverpool","Midfielder","Switzerland",28,115,70,54,50,43,15,446,330,467,797,41.41,16,48,64,25,0.61,0.37,0.13,3.88,178,1.55,12,0,12,79,0.69,15.42
"Yannick Bolasie","Everton","Forward","The Democratic Republic Of Congo",31,119,151,73,55,48,107,34.5,51.5,72.5,124,41.53,11.5,25,36.5,31.51,1.27,0.4,0.9,0.29,361,3.03,9,1,10,140,1.18,15.4
"Alireza Jahanbakhsh","Brighton-and-Hove-Albion","Forward","Iran",27,31,41,73,10,14,3,34.5,51.5,72.5,124,41.53,11.5,25,36.5,31.51,1.32,0.45,0.1,1.11,68,2.19,2,0,2,21,0.68,15.29
"Billy Gilmour","Chelsea","Midfielder","Scotland",19,6,5,40,0,3,2,15,10,16,26,38.46,2,5,7,28.57,0.83,0.5,0.33,2.5,10,1.67,0,0,0,3,0.5,15.2
"Neeskens Kebano","Fulham","Midfielder","The Democratic Republic Of Congo",28,9,3,33,1,0,3,13,16,14,30,53.33,4,5,9,44.44,0.33,0,0.33,1.44,7,0.78,0,0,0,3,0.33,15.2
"Wesley","Aston-Villa","Forward","Brazil",23,21,15,73,8,4,23,34.5,51.5,72.5,124,41.53,11.5,25,36.5,31.51,0.71,0.19,1.1,1.64,50,2.38,3,0,3,43,2.05,15.02
"Roberto Firmino","Liverpool","Forward","Brazil",28,177,259,73,121,73,61,34.5,51.5,72.5,124,41.53,11.5,25,36.5,31.51,1.46,0.41,0.34,0.19,514,2.9,8,0,8,206,1.16,14.96
"Alexis Mac Allister","Brighton-and-Hove-Albion","Midfielder","Argentina",21,9,9,56,3,1,1,15,17,22,39,43.59,3,5,8,37.5,1,0.11,0.11,1.67,14,1.56,0,0,0,4,0.44,14.95
"Wilfried Zaha","Crystal-Palace","Forward","Cote D'Ivoire",27,217,294,73,106,123,32,34.5,51.5,72.5,124,41.53,11.5,25,36.5,31.51,1.35,0.57,0.15,0.16,555,2.56,33,1,34,287,1.32,14.85
"Anwar El Ghazi","Aston-Villa","Midfielder","Netherlands",25,34,20,55,11,13,12,75,97,151,248,39.11,31,57,88,35.23,0.59,0.38,0.35,2.21,56,1.65,3,0,3,20,0.59,14.74
"Riyad Mahrez","Manchester-City","Forward","Algeria",29,199,211,73,125,141,50,34.5,51.5,72.5,124,41.53,11.5,25,36.5,31.51,1.06,0.71,0.25,0.17,527,2.65,7,0,7,117,0.59,14.71
"Sandro Ramírez","Everton","Forward","Spain",25,8,2,73,3,1,0,34.5,51.5,72.5,124,41.53,11.5,25,36.5,31.51,0.25,0.12,0,4.31,6,0.75,0,0,0,1,0.12,14.68
"Raúl Jiménez","Wolverhampton-Wanderers","Forward","Mexico",29,78,51,73,53,43,75,34.5,51.5,72.5,124,41.53,11.5,25,36.5,31.51,0.65,0.55,0.96,0.44,222,2.85,7,0,7,81,1.04,14.54
"José Izquierdo","Brighton-and-Hove-Albion","Forward","Colombia",28,47,38,73,19,21,32,34.5,51.5,72.5,124,41.53,11.5,25,36.5,31.51,0.81,0.45,0.68,0.73,110,2.34,3,0,3,26,0.55,14.51
"Joelinton","Newcastle-United","Forward","Brazil",24,40,36,73,13,11,31,34.5,51.5,72.5,124,41.53,11.5,25,36.5,31.51,0.9,0.28,0.78,0.86,91,2.28,7,0,7,32,0.8,14.5
"Phil Foden","Manchester-City","Midfielder","England",20,42,25,76,11,10,4,52,99,96,195,50.77,13,29,42,30.95,0.6,0.24,0.1,1.24,50,1.19,0,0,0,17,0.4,14.32
"Connor Wickham","Crystal-Palace","Forward","England",27,120,93,73,56,53,109,34.5,51.5,72.5,124,41.53,11.5,25,36.5,31.51,0.78,0.44,0.91,0.29,311,2.59,11,0,11,147,1.23,14.31
"Sadio Mané","Liverpool","Forward","Senegal",28,196,226,73,92,97,53,34.5,51.5,72.5,124,41.53,11.5,25,36.5,31.51,1.15,0.49,0.27,0.18,468,2.39,21,3,24,215,1.1,14.31
"Oliver McBurnie","Sheffield-United","Forward","Scotland",24,54,45,73,8,17,45,34.5,51.5,72.5,124,41.53,11.5,25,36.5,31.51,0.83,0.31,0.83,0.64,115,2.13,5,0,5,35,0.65,14.27
"Emile Smith Rowe","Arsenal","Midfielder","England",20,2,1,100,0,1,2,5,4,4,8,50,0,0,0,0,0.5,0.5,1,2.5,4,2,0,0,0,0,0,14.25
"Daniel James","Manchester-United","Midfielder","Wales",22,34,22,50,11,7,6,94,111,141,252,44.05,8,26,34,23.53,0.65,0.21,0.18,2.76,46,1.35,4,0,4,14,0.41,14.25
"Jacob Murphy","Newcastle-United","Midfielder","England",25,34,19,63,7,7,15,97,76,120,196,38.78,11,27,38,28.95,0.56,0.21,0.44,2.85,48,1.41,0,0,0,12,0.35,14.25
"Jesse Lingard","Manchester-United","Midfielder","England",27,133,130,68,53,52,34,336,358,526,884,40.5,19,100,119,15.97,0.98,0.39,0.26,2.53,269,2.02,15,0,15,140,1.05,14.21
"Jay Rodriguez","Burnley","Forward","England",31,178,154,73,87,82,113,34.5,51.5,72.5,124,41.53,11.5,25,36.5,31.51,0.87,0.46,0.63,0.19,436,2.45,11,0,11,156,0.88,14.07
"Reiss Nelson","Arsenal","Forward","England",20,20,15,73,5,6,2,34.5,51.5,72.5,124,41.53,11.5,25,36.5,31.51,0.75,0.3,0.1,1.73,28,1.4,1,0,1,8,0.4,14.04
"Gabriel Martinelli","Arsenal","Forward","Brazil",19,14,20,75,2,3,5,34,46,92,138,33.33,8,37,45,17.78,1.43,0.21,0.36,2.43,30,2.14,1,0,1,9,0.64,13.95
"Sébastien Haller","West-Ham-United","Forward","France",26,34,22,73,10,8,26,34.5,51.5,72.5,124,41.53,11.5,25,36.5,31.51,0.65,0.24,0.76,1.01,66,1.94,1,0,1,49,1.44,13.88
"Nicolas Pépé","Arsenal","Forward","Cote D'Ivoire",25,33,32,73,14,8,4,34.5,51.5,72.5,124,41.53,11.5,25,36.5,31.51,0.97,0.24,0.12,1.05,58,1.76,4,0,4,14,0.42,13.76
"Oskar Buur","Wolverhampton-Wanderers","Defender","Denmark",22,1,0,0,0,0,0,0,1,3,4,25,1,0,1,100,0,0,0,0,0,0,0,0,0,0,0,13.75
"Willian","Arsenal","Forward","Brazil",32,236,246,73,111,100,54,34.5,51.5,72.5,124,41.53,11.5,25,36.5,31.51,1.04,0.42,0.23,0.15,511,2.17,21,1,22,131,0.56,13.74
"Steven Bergwijn","Tottenham-Hotspur","Forward","Netherlands",22,16,10,73,3,1,5,34.5,51.5,72.5,124,41.53,11.5,25,36.5,31.51,0.62,0.06,0.31,2.16,19,1.19,2,0,2,9,0.56,13.74
"Aboubakar Kamara","Fulham","Forward","France",25,15,8,73,0,1,5,34.5,51.5,72.5,124,41.53,11.5,25,36.5,31.51,0.53,0.07,0.33,2.3,14,0.93,2,0,2,26,1.73,13.71
"Raheem Sterling","Manchester-City","Forward","England",25,260,256,73,155,125,52,34.5,51.5,72.5,124,41.53,11.5,25,36.5,31.51,0.98,0.48,0.2,0.13,588,2.26,28,1,29,297,1.14,13.7
"Christian Atsu","Newcastle-United","Midfielder","Ghana",28,80,52,77,17,26,41,245,217,380,597,36.35,32,142,174,18.39,0.65,0.32,0.51,3.06,136,1.7,5,0,5,34,0.42,13.7
"Alexandre Lacazette","Arsenal","Forward","France",29,99,92,73,44,30,49,34.5,51.5,72.5,124,41.53,11.5,25,36.5,31.51,0.93,0.3,0.49,0.35,215,2.17,11,0,11,127,1.28,13.69
"Andy Carroll","Newcastle-United","Forward","England",31,232,103,73,107,74,323,34.5,51.5,72.5,124,41.53,11.5,25,36.5,31.51,0.44,0.32,1.39,0.15,607,2.62,33,2,35,321,1.38,13.68
"Andreas Pereira","Manchester-United","Midfielder","Brazil",24,45,34,62,14,20,12,140,101,213,314,32.17,13,49,62,20.97,0.76,0.44,0.27,3.11,80,1.78,10,0,10,42,0.93,13.66
"Danny Ings","Southampton","Forward","England",28,113,106,73,65,37,45,34.5,51.5,72.5,124,41.53,11.5,25,36.5,31.51,0.94,0.33,0.4,0.31,253,2.24,11,0,11,91,0.81,13.63
"Demarai Gray","Leicester-City","Midfielder","England",24,132,76,64,45,39,39,312,311,401,712,43.68,24,102,126,19.05,0.58,0.3,0.3,2.36,199,1.51,7,0,7,36,0.27,13.62
"Takumi Minamino","Liverpool","Forward","Japan",25,11,3,73,3,0,3,34.5,51.5,72.5,124,41.53,11.5,25,36.5,31.51,0.27,0,0.27,3.14,9,0.82,0,0,0,7,0.64,13.6
"Jota","Aston-Villa","Midfielder","Spain",29,10,3,33,4,3,5,26,13,25,38,34.21,1,2,3,33.33,0.3,0.3,0.5,2.6,15,1.5,0,0,0,6,0.6,13.46
"Leandro Trossard","Brighton-and-Hove-Albion","Forward","Belgium",25,33,23,73,8,11,6,34.5,51.5,72.5,124,41.53,11.5,25,36.5,31.51,0.7,0.33,0.18,1.05,48,1.45,0,0,0,17,0.52,13.44
"Diogo Jota","Liverpool","Forward","Portugal",23,67,56,73,35,22,20,34.5,51.5,72.5,124,41.53,11.5,25,36.5,31.51,0.84,0.33,0.3,0.51,133,1.99,15,0,15,84,1.25,13.43
"Aleksandar Mitrovic","Fulham","Forward","Serbia",26,79,44,73,46,13,88,34.5,51.5,72.5,124,41.53,11.5,25,36.5,31.51,0.56,0.16,1.11,0.44,191,2.42,12,2,14,117,1.48,13.37
"Shane Long","Southampton","Forward","Ireland",33,322,230,73,53,125,181,34.5,51.5,72.5,124,41.53,11.5,25,36.5,31.51,0.71,0.39,0.56,0.11,589,1.83,28,0,28,395,1.23,13.28
"Allan Saint-Maximin","Newcastle-United","Forward","France",23,28,15,73,14,9,5,34.5,51.5,72.5,124,41.53,11.5,25,36.5,31.51,0.54,0.32,0.18,1.23,43,1.54,0,0,0,19,0.68,13.19
"Beni Baningime","Everton","Midfielder","The Democratic Republic Of Congo",22,8,6,33,0,2,1,9,9,14,23,39.13,1,2,3,33.33,0.75,0.25,0.12,1.12,9,1.12,1,0,1,4,0.5,13.13
"Alex Iwobi","Everton","Forward","Nigeria",24,126,99,73,46,44,33,34.5,51.5,72.5,124,41.53,11.5,25,36.5,31.51,0.79,0.35,0.26,0.27,222,1.76,2,0,2,42,0.33,13.07
"Harry Kane","Tottenham-Hotspur","Forward","England",27,212,139,73,190,59,147,34.5,51.5,72.5,124,41.53,11.5,25,36.5,31.51,0.66,0.28,0.69,0.16,535,2.52,26,0,26,208,0.98,13.07
"Pierre-Emerick Aubameyang","Arsenal","Forward","Gabon",31,87,58,73,52,25,38,34.5,51.5,72.5,124,41.53,11.5,25,36.5,31.51,0.67,0.29,0.44,0.4,173,1.99,4,1,5,30,0.34,12.99
"Olivier Giroud","Chelsea","Forward","France",33,238,145,73,104,64,178,34.5,51.5,72.5,124,41.53,11.5,25,36.5,31.51,0.61,0.27,0.75,0.14,491,2.06,18,2,20,223,0.94,12.98
"Ashley Barnes","Burnley","Forward","England",30,155,103,73,53,33,111,34.5,51.5,72.5,124,41.53,11.5,25,36.5,31.51,0.66,0.21,0.72,0.22,300,1.94,32,2,34,269,1.74,12.96
"Bobby De Cordova-Reid","Fulham","Forward","Jamaica",27,29,17,73,8,3,12,34.5,51.5,72.5,124,41.53,11.5,25,36.5,31.51,0.59,0.1,0.41,1.19,40,1.38,0,0,0,6,0.21,12.96
"Callum Robinson","West-Bromwich-Albion","Forward","Ireland",25,22,7,73,3,7,3,34.5,51.5,72.5,124,41.53,11.5,25,36.5,31.51,0.32,0.32,0.14,1.57,20,0.91,1,0,1,13,0.59,12.92
"Adama Traoré","Wolverhampton-Wanderers","Forward","Spain",24,105,86,73,26,27,26,34.5,51.5,72.5,124,41.53,11.5,25,36.5,31.51,0.82,0.26,0.25,0.33,165,1.57,4,0,4,80,0.76,12.92
"Florin Andone","Brighton-and-Hove-Albion","Forward","Romania",27,26,11,73,6,3,13,34.5,51.5,72.5,124,41.53,11.5,25,36.5,31.51,0.42,0.12,0.5,1.33,33,1.27,5,1,6,30,1.15,12.87
"Patrick Bamford","Leeds-United","Forward","England",27,29,14,73,6,6,9,34.5,51.5,72.5,124,41.53,11.5,25,36.5,31.51,0.48,0.21,0.31,1.19,35,1.21,1,0,1,23,0.79,12.87
"Odion Ighalo","Manchester-United","Forward","Nigeria",31,67,39,73,36,18,30,34.5,51.5,72.5,124,41.53,11.5,25,36.5,31.51,0.58,0.27,0.45,0.51,123,1.84,5,0,5,65,0.97,12.83
"Charlie Austin","West-Bromwich-Albion","Forward","England",31,106,62,73,78,17,84,34.5,51.5,72.5,124,41.53,11.5,25,36.5,31.51,0.58,0.16,0.79,0.33,241,2.27,8,1,9,83,0.78,12.83
"Son Heung-Min","Tottenham-Hotspur","Forward","South Korea",28,162,110,73,96,57,43,34.5,51.5,72.5,124,41.53,11.5,25,36.5,31.51,0.68,0.35,0.27,0.21,306,1.89,4,2,6,65,0.4,12.75
"Andriy Yarmolenko","West-Ham-United","Forward","Ukraine",30,34,18,73,8,8,7,34.5,51.5,72.5,124,41.53,11.5,25,36.5,31.51,0.53,0.24,0.21,1.01,41,1.21,5,0,5,25,0.74,12.75
"Oliver Burke","Sheffield-United","Midfielder","Scotland",23,16,6,67,2,7,2,15,34,51,85,40,8,16,24,33.33,0.38,0.44,0.12,0.94,17,1.06,0,0,0,5,0.31,12.72
"Theo Walcott","Everton","Forward","England",31,346,214,73,141,149,81,34.5,51.5,72.5,124,41.53,11.5,25,36.5,31.51,0.62,0.43,0.23,0.1,585,1.69,10,0,10,101,0.29,12.67
"Curtis Jones","Liverpool","Midfielder","England",19,7,4,100,1,2,0,17,9,18,27,33.33,2,5,7,28.57,0.57,0.29,0,2.43,7,1,0,0,0,4,0.57,12.58
"Mason Greenwood","Manchester-United","Forward","England",18,35,20,73,9,6,6,34.5,51.5,72.5,124,41.53,11.5,25,36.5,31.51,0.57,0.17,0.17,0.99,41,1.17,0,0,0,12,0.34,12.56
"Eddie Nketiah","Arsenal","Forward","England",21,23,9,73,4,2,6,34.5,51.5,72.5,124,41.53,11.5,25,36.5,31.51,0.39,0.09,0.26,1.5,21,0.91,0,1,1,18,0.78,12.52
"Callum Hudson-Odoi","Chelsea","Forward","England",19,35,18,73,14,8,4,34.5,51.5,72.5,124,41.53,11.5,25,36.5,31.51,0.51,0.23,0.11,0.99,44,1.26,1,0,1,12,0.34,12.5
"Ivan Cavaleiro","Fulham","Forward","Portugal",26,25,6,73,2,7,5,34.5,51.5,72.5,124,41.53,11.5,25,36.5,31.51,0.24,0.28,0.2,1.38,20,0.8,1,0,1,15,0.6,12.5
"Ezgjan Alioski","Leeds-United","Midfielder","England",25,1,1,100,0,1,0,2,2,4,6,33.33,0,1,1,0,1,1,0,2,2,2,0,0,0,1,1,12.5
"Jamie Vardy","Leicester-City","Forward","England",33,213,124,73,82,59,90,34.5,51.5,72.5,124,41.53,11.5,25,36.5,31.51,0.58,0.28,0.42,0.16,355,1.67,20,3,23,179,0.84,12.46
"Dominic Calvert-Lewin","Everton","Forward","England",23,116,42,73,37,29,85,34.5,51.5,72.5,124,41.53,11.5,25,36.5,31.51,0.36,0.25,0.73,0.3,193,1.66,17,0,17,138,1.19,12.43
"Pedro Neto","Wolverhampton-Wanderers","Forward","Portugal",20,31,11,73,7,9,3,34.5,51.5,72.5,124,41.53,11.5,25,36.5,31.51,0.35,0.29,0.1,1.11,30,0.97,3,0,3,16,0.52,12.39
"Marcus Rashford","Manchester-United","Forward","England",22,143,74,73,75,35,70,34.5,51.5,72.5,124,41.53,11.5,25,36.5,31.51,0.52,0.24,0.49,0.24,254,1.78,12,1,13,90,0.63,12.38
"Neal Maupay","Brighton-and-Hove-Albion","Forward","France",24,39,21,73,31,5,9,34.5,51.5,72.5,124,41.53,11.5,25,36.5,31.51,0.54,0.13,0.23,0.88,66,1.69,3,0,3,38,0.97,12.35
"Hal Robson-Kanu","West-Bromwich-Albion","Forward","Wales",31,76,21,73,17,29,34,34.5,51.5,72.5,124,41.53,11.5,25,36.5,31.51,0.28,0.38,0.45,0.45,101,1.33,5,1,6,76,1,12.35
"Kenneth Zohore","West-Bromwich-Albion","Forward","Denmark",26,19,3,73,4,2,5,34.5,51.5,72.5,124,41.53,11.5,25,36.5,31.51,0.16,0.11,0.26,1.82,14,0.74,1,0,1,13,0.68,12.32
"Patrick Roberts","Manchester-City","Midfielder","England",23,6,1,100,0,0,0,2,10,3,13,76.92,0,0,0,0,0.17,0,0,0.33,1,0.17,1,0,1,2,0.33,12.29
"Christian Benteke","Crystal-Palace","Forward","Belgium",29,225,80,73,117,26,214,34.5,51.5,72.5,124,41.53,11.5,25,36.5,31.51,0.36,0.12,0.95,0.15,437,1.94,35,3,38,357,1.59,12.22
"Anthony Martial","Manchester-United","Forward","France",24,146,77,73,72,29,56,34.5,51.5,72.5,124,41.53,11.5,25,36.5,31.51,0.53,0.2,0.38,0.24,234,1.6,8,0,8,125,0.86,12.12
"Dwight Gayle","Newcastle-United","Forward","England",29,119,61,73,41,26,41,34.5,51.5,72.5,124,41.53,11.5,25,36.5,31.51,0.51,0.22,0.34,0.29,169,1.42,8,1,9,77,0.65,12.12
"Cenk Tosun","Everton","Forward","Turkey",29,49,23,73,12,6,16,34.5,51.5,72.5,124,41.53,11.5,25,36.5,31.51,0.47,0.12,0.33,0.7,57,1.16,3,0,3,50,1.02,12.11
"Michael Obafemi","Southampton","Forward","Ireland",20,28,8,73,7,7,0,34.5,51.5,72.5,124,41.53,11.5,25,36.5,31.51,0.29,0.25,0,1.23,22,0.79,2,0,2,13,0.46,12.09
"Gabriel Jesus","Manchester-City","Forward","Brazil",23,103,56,73,38,25,17,34.5,51.5,72.5,124,41.53,11.5,25,36.5,31.51,0.54,0.24,0.17,0.33,136,1.32,13,0,13,79,0.77,12.04
"Sergio Agüero","Manchester-City","Forward","Argentina",32,263,150,73,230,73,14,34.5,51.5,72.5,124,41.53,11.5,25,36.5,31.51,0.57,0.28,0.05,0.13,467,1.78,23,1,24,167,0.63,11.85
"Tammy Abraham","Chelsea","Forward","England",22,68,18,73,26,8,39,34.5,51.5,72.5,124,41.53,11.5,25,36.5,31.51,0.26,0.12,0.57,0.51,91,1.34,2,0,2,35,0.51,11.76
"Islam Slimani","Leicester-City","Forward","Algeria",32,39,14,73,5,4,6,34.5,51.5,72.5,124,41.53,11.5,25,36.5,31.51,0.36,0.1,0.15,0.88,29,0.74,2,0,2,30,0.77,11.69
"Aaron Connolly","Brighton-and-Hove-Albion","Forward","Ireland",20,26,8,73,14,0,3,34.5,51.5,72.5,124,41.53,11.5,25,36.5,31.51,0.31,0,0.12,1.33,25,0.96,0,0,0,17,0.65,11.67
"Keinan Davis","Aston-Villa","Forward","England",22,19,1,73,2,0,4,34.5,51.5,72.5,124,41.53,11.5,25,36.5,31.51,0.05,0,0.21,1.82,7,0.37,0,0,0,12,0.63,11.64
"Mohamed Salah","Liverpool","Forward","Egypt",28,123,58,73,114,25,11,34.5,51.5,72.5,124,41.53,11.5,25,36.5,31.51,0.47,0.2,0.09,0.28,208,1.69,4,0,4,63,0.51,11.57
"Che Adams","Southampton","Forward","England",24,32,6,73,15,2,9,34.5,51.5,72.5,124,41.53,11.5,25,36.5,31.51,0.19,0.06,0.28,1.08,32,1,1,0,1,20,0.62,11.54
"Billy Sharp","Sheffield-United","Forward","England",34,28,7,73,3,1,3,34.5,51.5,72.5,124,41.53,11.5,25,36.5,31.51,0.25,0.04,0.11,1.23,14,0.5,1,1,2,20,0.71,11.52
"Moise Kean","Everton","Forward","Italy",20,31,6,73,5,5,1,34.5,51.5,72.5,124,41.53,11.5,25,36.5,31.51,0.19,0.16,0.03,1.11,17,0.55,1,0,1,28,0.9,11.49
"Chris Wood","Burnley","Forward","New Zealand",28,105,28,73,22,7,62,34.5,51.5,72.5,124,41.53,11.5,25,36.5,31.51,0.27,0.07,0.59,0.33,119,1.13,4,0,4,84,0.8,11.48
"Callum Wilson","Newcastle-United","Forward","England",28,128,41,73,47,19,48,34.5,51.5,72.5,124,41.53,11.5,25,36.5,31.51,0.32,0.15,0.38,0.27,155,1.21,13,0,13,177,1.38,11.47
"Rekeem Harper","West-Bromwich-Albion","Midfielder","England",20,2,1,100,0,1,0,2,2,2,4,50,0,0,0,0,0.5,0.5,0,1,2,1,0,0,0,1,0.5,11.25
"Henri Lansbury","Aston-Villa","Midfielder","England",29,13,7,43,1,1,2,14,10,16,26,38.46,2,6,8,25,0.54,0.08,0.15,1.08,11,0.85,1,0,1,5,0.38,11.16
"Divock Origi","Liverpool","Forward","Belgium",25,91,34,73,22,7,9,34.5,51.5,72.5,124,41.53,11.5,25,36.5,31.51,0.37,0.08,0.1,0.38,72,0.79,1,0,1,47,0.52,11.08
"Daniel Podence","Wolverhampton-Wanderers","Midfielder","Portugal",24,11,7,57,4,2,1,17,28,30,58,48.28,0,11,11,0,0.64,0.18,0.09,1.55,14,1.27,0,0,0,6,0.55,11.07
"Matej Vydra","Burnley","Forward","Czech Republic",28,57,10,73,5,5,13,34.5,51.5,72.5,124,41.53,11.5,25,36.5,31.51,0.18,0.09,0.23,0.61,33,0.58,1,0,1,9,0.16,11.06
"Lys Mousset","Sheffield-United","Forward","France",24,88,25,73,25,8,17,34.5,51.5,72.5,124,41.53,11.5,25,36.5,31.51,0.28,0.09,0.19,0.39,75,0.85,3,0,3,48,0.55,11.03
"Michy Batshuayi","Crystal-Palace","Forward","Belgium",26,60,13,73,22,7,6,34.5,51.5,72.5,124,41.53,11.5,25,36.5,31.51,0.22,0.12,0.1,0.58,48,0.8,0,0,0,24,0.4,11.02
"Kelechi Iheanacho","Leicester-City","Forward","Nigeria",23,117,38,73,39,11,21,34.5,51.5,72.5,124,41.53,11.5,25,36.5,31.51,0.32,0.09,0.18,0.29,109,0.93,6,0,6,80,0.68,11.01
"Ben Woodburn","Liverpool","Forward","Wales",20,6,4,75,2,0,0,6,7,12,19,36.84,1,3,4,25,0.67,0,0,1,6,1,0,0,0,2,0.33,10.7
"Kamil Grosicki","West-Bromwich-Albion","Midfielder","Poland",32,15,4,100,4,8,6,36,21,59,80,26.25,1,11,12,8.33,0.27,0.53,0.4,2.4,22,1.47,1,0,1,12,0.8,10.04
"Eberechi Eze","Crystal-Palace","Midfielder","England",22,2,2,100,0,0,0,5,4,8,12,33.33,0,1,1,0,1,0,0,2.5,2,1,0,0,0,0,0,10
"Harvey Elliott","Liverpool","Midfielder","England",17,4,0,0,0,0,0,4,1,1,2,50,0,0,0,0,0,0,0,1,0,0,0,0,0,0,0,8.5
"Tommy Doyle","Manchester-City","Midfielder","England",18,1,0,0,0,0,0,1,1,1,2,50,0,0,0,0,0,0,0,1,0,0,0,0,0,0,0,8.5
"Gedson Fernandes","Tottenham-Hotspur","Midfielder","Portugal",21,7,2,2,1,1,0,7,6,9,15,40,0,1,1,0,0.29,0.14,0,1,4,0.57,0,0,0,0,0,8.14
"Donny van de Beek","Manchester-United","Midfielder","Netherlands",23,1,1,1,0,0,0,1,1,3,4,25,0,1,1,0,1,0,0,1,1,1,0,0,0,0,0,7.25
"Josh Cullen","West-Ham-United","Midfielder","Ireland",24,3,0,0,0,2,1,1,0,1,1,0,0,0,0,0,0,0.67,0.33,0.33,3,1,0,0,0,0,0,2.84
