"Name","Club","Position","Nationality","Age","Appearances","Goals","Goals_Per_Match","Headed_goals","Goals_with_right_foot","Goals_with_left_foot","Headed_Goal_Pct","Right_Foot_Goal_Pct","Left_Foot_Goal_Pct","Penalties_scored","Penalty_Goal_Pct","Freekicks_scored","Shots","Shots_on_target","Shots_Per_Match","Shot_Accuracy","Conversion_Rate","Hit_woodwork","Big_chances_missed","Assists","Assists_Per_Match","Big_chances_created","Big_Chances_Per_Match","Goal_Contributions","Contributions_Per_Match","Offensive_Rating"
"Mateusz Klich","Leeds-United","Midfielder","Poland",30,2,2,1,0,2,0,0,100,0,1,50,0,2,2,1,100,100,0,0,1,0.5,0,0,3,1.5,67.5
"Donny van de Beek","Manchester-United","Midfielder","Netherlands",23,1,1,1,0,1,0,0,100,0,0,0,0,1,1,1,100,100,0,0,0,0,0,0,1,1,60
"Henri Saivet","Newcastle-United","Midfielder","Senegal",29,5,1,0.2,0,1,0,0,100,0,0,0,1,1,1,0.2,100,100,0,0,0,0,0,0,1,0.2,44
"Gary Cahill","Crystal-Palace","Defender","England",34,374,27,0.072,9,13,4,33.33,48.15,14.81,0,0,0,20,3,0.05,15,135,5,0,10,0.027,8,0.021,37,0.099,43.95
"Branislav Ivanovic","West-Bromwich-Albion","Defender","Serbia",36,261,22,0.084,7,13,2,31.82,59.09,9.09,0,0,0,20,3,0.08,15,110,8,0,20,0.077,20,0.077,42,0.161,37.72
"Marcos Alonso","Chelsea","Defender","Spain",29,140,20,0.143,4,2,14,20,10,70,0,0,0,20,3,0.14,15,100,11,0,12,0.086,17,0.121,32,0.229,36.25
"Patrick van Aanholt","Crystal-Palace","Defender","Netherlands",30,191,20,0.105,0,4,16,0,20,80,0,0,0,20,3,0.1,15,100,5,0,14,0.073,25,0.131,34,0.178,35.35
"Séamus Coleman","Everton","Defender","Ireland",31,276,20,0.072,7,8,6,35,40,30,0,0,0,20,3,0.07,15,100,6,0,21,0.076,36,0.13,41,0.149,34.73
"James Rodríguez","Everton","Midfielder","Colombia",29,2,1,0.5,0,0,1,0,0,100,0,0,0,4,1,2,25,25,0,0,1,0.5,2,1,2,1,32.5
"Matheus Pereira","West-Bromwich-Albion","Forward","Brazil",24,2,1,0.5,0,0,1,0,0,100,0,0,1,4,2,2,50,25,0,0,1,0.5,0,0,2,1,30
"Phil Jagielka","Sheffield-United","Defender","England",38,366,18,0.049,10,8,0,55.56,44.44,0,0,0,0,20,3,0.05,15,90,7,0,9,0.025,8,0.022,27,0.074,29.96
"Pierre-Emerick Aubameyang","Arsenal","Forward","Gabon",31,87,55,0.632,3,44,8,5.45,80,14.55,7,12.73,1,222,105,2.55,47,24.77,8,39,13,0.149,17,0.195,68,0.782,27.98
"Bruno Fernandes","Manchester-United","Midfielder","Portugal",26,15,8,0.533,0,8,0,0,100,0,4,50,1,47,19,3.13,40,17.02,3,4,7,0.467,3,0.2,15,1,27.77
"Mohamed Salah","Liverpool","Forward","Egypt",28,123,78,0.634,4,11,63,5.13,14.1,80.77,9,11.54,0,449,201,3.65,45,17.37,11,58,29,0.236,41,0.333,107,0.87,27.6
"Sergio Agüero","Manchester-City","Forward","Argentina",32,263,180,0.684,18,127,34,10,70.56,18.89,26,14.44,0,996,411,3.79,41,18.07,34,126,46,0.175,59,0.224,226,0.859,26.95
"Scott Dann","Crystal-Palace","Defender","England",33,227,15,0.066,9,4,2,60,26.67,13.33,0,0,0,20,3,0.09,15,75,6,0,11,0.048,11,0.048,26,0.115,26.28
"Harry Kane","Tottenham-Hotspur","Forward","England",27,212,144,0.679,22,88,33,15.28,61.11,22.92,20,13.89,1,783,354,3.69,45,18.39,22,85,24,0.113,38,0.179,168,0.792,26.19
"Matthew Longstaff","Newcastle-United","Midfielder","England",20,9,2,0.222,0,2,0,0,100,0,0,0,0,4,2,0.44,50,50,1,0,0,0,1,0.111,2,0.222,25
"Virgil van Dijk","Liverpool","Defender","Netherlands",29,159,14,0.088,11,0,3,78.57,0,21.43,0,0,0,20,3,0.13,15,70,12,0,3,0.019,13,0.082,17,0.107,24.96
"Jamie Vardy","Leicester-City","Forward","England",33,213,105,0.493,12,66,27,11.43,62.86,25.71,20,19.05,0,458,223,2.15,49,22.93,15,78,29,0.136,50,0.235,134,0.629,24.85
"Ciaran Clark","Newcastle-United","Defender","Ireland",30,179,14,0.078,11,0,3,78.57,0,21.43,0,0,0,20,3,0.11,15,70,3,0,5,0.028,10,0.056,19,0.106,24.76
"David Luiz","Arsenal","Defender","Brazil",33,194,13,0.067,6,6,1,46.15,46.15,7.69,0,0,0,20,3,0.1,15,65,5,0,7,0.036,22,0.113,20,0.103,23.44
"Jack Harrison","Leeds-United","Midfielder","England",23,2,1,0.5,0,1,0,0,100,0,0,0,0,3,1,1.5,33,33.33,0,0,0,0,0,0,1,0.5,23.3
"Jimmy Dunne","Burnley","Defender","Ireland",22,1,1,1,1,0,0,100,0,0,0,0,0,20,3,20,15,5,0,0,0,0,0,0,1,1,23
"Gabriel Jesus","Manchester-City","Forward","Brazil",23,103,42,0.408,8,22,12,19.05,52.38,28.57,2,4.76,0,227,122,2.2,54,18.5,7,58,17,0.165,16,0.155,59,0.573,22.36
"Sadio Mané","Liverpool","Forward","Senegal",28,196,86,0.439,11,52,23,12.79,60.47,26.74,0,0,0,445,190,2.27,43,19.33,13,65,29,0.148,43,0.219,115,0.587,22.19
"Nathan Aké","Manchester-City","Defender","Netherlands",25,147,12,0.082,6,1,5,50,8.33,41.67,0,0,0,20,3,0.14,15,60,4,0,6,0.041,9,0.061,18,0.122,22.06
"Kenny Tete","Fulham","Defender","Netherlands",24,1,0,0,0,0,0,0,0,0,0,0,0,20,3,20,15,0,0,0,1,1,1,1,1,1,21.5
"Alexandre Lacazette","Arsenal","Forward","France",29,99,39,0.394,4,30,5,10.26,76.92,12.82,2,5.13,1,204,93,2.06,46,19.12,4,31,16,0.162,15,0.152,55,0.556,21.41
"James Tomkins","Crystal-Palace","Defender","England",31,263,12,0.046,7,3,2,58.33,25,16.67,0,0,0,20,3,0.08,15,60,6,0,7,0.027,8,0.03,19,0.072,20.97
"Kevin De Bruyne","Manchester-City","Midfielder","Belgium",29,156,37,0.237,0,28,9,0,75.68,24.32,3,8.11,3,367,133,2.35,36,10.08,20,13,67,0.429,97,0.622,104,0.667,20.91
"Anthony Martial","Manchester-United","Forward","France",24,146,51,0.349,4,36,11,7.84,70.59,21.57,2,3.92,0,268,122,1.84,46,19.03,5,24,23,0.158,35,0.24,74,0.507,20.86
"Chris Smalling","Manchester-United","Defender","England",30,219,12,0.055,8,2,2,66.67,16.67,16.67,0,0,0,20,3,0.09,15,60,2,0,2,0.009,3,0.014,14,0.064,20.8
"Timothy Castagne","Leicester-City","Defender","Belgium",24,2,1,0.5,1,0,0,100,0,0,0,0,0,20,3,10,15,5,0,0,1,0.5,0,0,2,1,20.5
"Raúl Jiménez","Wolverhampton-Wanderers","Forward","Mexico",29,78,32,0.41,9,19,4,28.12,59.38,12.5,6,18.75,0,237,82,3.04,35,13.5,7,20,13,0.167,26,0.333,45,0.577,19.92
"Son Heung-Min","Tottenham-Hotspur","Forward","South Korea",28,162,57,0.352,3,31,23,5.26,54.39,40.35,0,0,0,354,151,2.19,43,16.1,11,27,29,0.179,32,0.198,86,0.531,19.84
"Dele Alli","Tottenham-Hotspur","Midfielder","England",24,157,50,0.318,9,31,10,18,62,20,2,4,0,319,128,2.03,40,15.67,7,37,33,0.21,44,0.28,83,0.529,19.61
"Steven Bergwijn","Tottenham-Hotspur","Forward","Netherlands",22,16,3,0.188,0,3,0,0,100,0,0,0,0,9,4,0.56,44,33.33,0,0,1,0.062,1,0.062,4,0.25,19.4
"Jonny Evans","Leicester-City","Defender","Northern Ireland",32,297,11,0.037,7,4,0,63.64,36.36,0,0,0,0,20,3,0.07,15,55,2,0,9,0.03,5,0.017,20,0.067,19.28
"Roberto Firmino","Liverpool","Forward","Brazil",28,177,57,0.322,13,29,14,22.81,50.88,24.56,2,3.51,0,424,182,2.4,43,13.44,10,51,36,0.203,50,0.282,93,0.525,19.23
"Raheem Sterling","Manchester-City","Forward","England",25,260,86,0.331,6,55,25,6.98,63.95,29.07,1,1.16,0,545,222,2.1,41,15.78,20,72,45,0.173,61,0.235,131,0.504,19.22
"Christian Pulisic","Chelsea","Midfielder","United States",22,25,9,0.36,2,4,3,22.22,44.44,33.33,0,0,0,63,26,2.52,41,14.29,1,8,4,0.16,6,0.24,13,0.52,19.19
"Mesut Özil","Arsenal","Midfielder","Germany",31,184,33,0.179,4,4,25,12.12,12.12,75.76,0,0,1,205,92,1.11,45,16.1,7,26,54,0.293,65,0.353,87,0.473,19.07
"Riyad Mahrez","Manchester-City","Forward","Algeria",29,199,57,0.286,3,9,44,5.26,15.79,77.19,8,14.04,3,426,185,2.14,43,13.38,10,28,40,0.201,80,0.402,97,0.487,19.06
"Danny Ings","Southampton","Forward","England",28,113,45,0.398,7,24,13,15.56,53.33,28.89,6,13.33,0,268,108,2.37,40,16.79,10,26,9,0.08,14,0.124,54,0.478,18.82
"Chris Wood","Burnley","Forward","New Zealand",28,105,36,0.343,14,14,8,38.89,38.89,22.22,1,2.78,0,172,81,1.64,47,20.93,7,36,4,0.038,8,0.076,40,0.381,18.79
"Olivier Giroud","Chelsea","Forward","France",33,238,86,0.361,31,8,47,36.05,9.3,54.65,2,2.33,0,548,212,2.3,39,15.69,19,82,28,0.118,40,0.168,114,0.479,18.44
"Callum Wilson","Newcastle-United","Forward","England",28,128,42,0.328,7,26,7,16.67,61.9,16.67,5,11.9,0,226,91,1.77,40,18.58,5,42,12,0.094,21,0.164,54,0.422,18.36
"Marcus Rashford","Manchester-United","Forward","England",22,143,44,0.308,4,35,5,9.09,79.55,11.36,6,13.64,1,301,130,2.1,43,14.62,9,39,21,0.147,27,0.189,65,0.455,18
"Matt Doherty","Tottenham-Hotspur","Defender","Ireland",28,77,8,0.104,3,1,4,37.5,12.5,50,0,0,0,20,3,0.26,15,40,2,0,8,0.104,11,0.143,16,0.208,17.86
"Trent Alexander-Arnold","Liverpool","Defender","England",21,95,6,0.063,0,6,0,0,100,0,0,0,0,20,3,0.21,15,30,3,0,26,0.274,32,0.337,32,0.337,17.56
"Mason Greenwood","Manchester-United","Forward","England",18,35,10,0.286,0,2,8,0,20,80,0,0,0,49,24,1.4,49,20.41,2,5,1,0.029,1,0.029,11,0.314,17.32
"Aaron Cresswell","West-Ham-United","Defender","England",30,190,8,0.042,0,1,7,0,12.5,87.5,0,0,0,20,3,0.11,15,40,5,0,18,0.095,27,0.142,26,0.137,16.48
"César Azpilicueta","Chelsea","Defender","Spain",31,272,8,0.029,2,6,0,25,75,0,0,0,0,20,3,0.07,15,40,1,0,31,0.114,32,0.118,39,0.143,16.38
"Christian Benteke","Crystal-Palace","Forward","Belgium",29,225,72,0.32,26,37,9,36.11,51.39,12.5,10,13.89,1,544,208,2.42,38,13.24,14,82,20,0.089,31,0.138,92,0.409,16.2
"Divock Origi","Liverpool","Forward","Belgium",25,91,19,0.209,6,11,2,31.58,57.89,10.53,0,0,0,89,39,0.98,44,21.35,4,8,6,0.066,3,0.033,25,0.275,16.14
"Juan Mata","Manchester-United","Midfielder","Spain",32,262,51,0.195,2,7,42,3.92,13.73,82.35,2,3.92,8,362,133,1.38,37,14.09,11,29,52,0.198,68,0.26,103,0.393,16.1
"Charlie Austin","West-Bromwich-Albion","Forward","England",31,106,34,0.321,11,20,3,32.35,58.82,8.82,6,17.65,0,255,106,2.41,42,13.33,6,34,8,0.075,7,0.066,42,0.396,16.07
"Islam Slimani","Leicester-City","Forward","Algeria",32,39,8,0.205,5,3,0,62.5,37.5,0,1,12.5,0,42,17,1.08,40,19.05,2,9,5,0.128,2,0.051,13,0.333,15.99
"Gabriel Martinelli","Arsenal","Forward","Brazil",19,14,3,0.214,0,3,0,0,100,0,0,0,0,12,5,0.86,42,25,0,1,0,0,0,0,3,0.214,15.98
"Tammy Abraham","Chelsea","Forward","England",22,68,20,0.294,3,16,0,15,80,0,0,0,0,133,56,1.96,42,15.04,3,26,4,0.059,6,0.088,24,0.353,15.92
"Ryan Fraser","Newcastle-United","Midfielder","Scotland",26,121,16,0.132,0,13,3,0,81.25,18.75,0,0,1,132,61,1.09,46,12.12,1,7,26,0.215,41,0.339,42,0.347,15.8
"Neal Maupay","Brighton-and-Hove-Albion","Forward","France",24,39,12,0.308,3,3,6,25,25,50,2,16.67,0,101,41,2.59,41,11.88,1,11,4,0.103,3,0.077,16,0.41,15.75
"Harry Maguire","Manchester-United","Defender","England",27,140,8,0.057,4,4,0,50,50,0,0,0,0,20,3,0.14,15,40,4,0,7,0.05,9,0.064,15,0.107,15.71
"Andriy Yarmolenko","West-Ham-United","Forward","Ukraine",30,34,7,0.206,0,0,7,0,0,100,0,0,0,38,17,1.12,45,18.42,1,3,1,0.029,7,0.206,8,0.235,15.61
"Gareth Bale","Tottenham-Hotspur","Forward","Wales",31,146,42,0.288,4,5,32,9.52,11.9,76.19,0,0,3,435,161,2.98,37,9.66,16,21,20,0.137,32,0.219,62,0.425,15.51
"Héctor Bellerín","Arsenal","Defender","Spain",25,160,7,0.044,0,4,3,0,57.14,42.86,0,0,0,20,3,0.12,15,35,3,0,18,0.112,28,0.175,25,0.156,15.43
"Theo Walcott","Everton","Forward","England",31,346,75,0.217,3,60,12,4,80,16,0,0,0,616,267,1.78,43,12.18,18,79,51,0.147,61,0.176,126,0.364,15.38
"Michail Antonio","West-Ham-United","Forward","England",30,135,37,0.274,18,15,5,48.65,40.54,13.51,1,2.7,0,307,117,2.27,38,12.05,13,35,14,0.104,21,0.156,51,0.378,15.24
"Wesley","Aston-Villa","Forward","Brazil",23,21,5,0.238,0,5,0,0,100,0,0,0,0,35,18,1.67,51,14.29,1,5,1,0.048,1,0.048,6,0.286,15.11
"Paul Pogba","Manchester-United","Midfielder","France",27,112,25,0.223,4,19,2,16,76,8,7,28,0,301,110,2.69,37,8.31,11,21,26,0.232,21,0.188,51,0.455,15.07
"Ayoze Pérez","Leicester-City","Forward","Spain",27,178,41,0.23,6,29,6,14.63,70.73,14.63,1,2.44,0,275,114,1.54,41,14.91,5,22,13,0.073,26,0.146,54,0.303,15
"Michael Obafemi","Southampton","Forward","Ireland",20,28,4,0.143,0,3,1,0,75,25,0,0,0,20,8,0.71,40,20,0,4,3,0.107,3,0.107,7,0.25,15
"Bernardo Silva","Manchester-City","Midfielder","Portugal",26,105,19,0.181,2,1,16,10.53,5.26,84.21,0,0,0,139,51,1.32,37,13.67,3,17,18,0.171,21,0.2,37,0.352,14.99
"Bobby De Cordova-Reid","Fulham","Forward","Jamaica",27,29,6,0.207,0,5,1,0,83.33,16.67,1,16.67,0,29,10,1,34,20.69,0,1,2,0.069,1,0.034,8,0.276,14.95
"Nicolás Otamendi","Manchester-City","Defender","Argentina",32,136,8,0.059,5,3,0,62.5,37.5,0,0,0,0,20,3,0.15,15,40,2,0,1,0.007,3,0.022,9,0.066,14.89
"Toby Alderweireld","Tottenham-Hotspur","Defender","Belgium",31,176,8,0.045,5,2,1,62.5,25,12.5,0,0,0,20,3,0.11,15,40,3,0,4,0.023,5,0.028,12,0.068,14.88
"Kelechi Iheanacho","Leicester-City","Forward","Nigeria",23,117,21,0.179,4,3,13,19.05,14.29,61.9,0,0,0,133,56,1.14,42,15.79,2,17,13,0.111,15,0.128,34,0.291,14.82
"Diogo Jota","Liverpool","Forward","Portugal",23,67,16,0.239,0,8,8,0,50,50,0,0,0,127,50,1.9,39,12.6,4,20,6,0.09,13,0.194,22,0.328,14.78
"Luka Milivojevic","Crystal-Palace","Midfielder","Serbia",29,121,27,0.223,0,27,0,0,100,0,21,77.78,3,144,55,1.19,38,18.75,5,4,4,0.033,8,0.066,31,0.256,14.71
"Wes Morgan","Leicester-City","Defender","Jamaica",36,168,8,0.048,5,1,2,62.5,12.5,25,0,0,0,20,3,0.12,15,40,0,0,2,0.012,1,0.006,10,0.06,14.67
"Jeffrey Schlupp","Crystal-Palace","Midfielder","Ghana",27,148,11,0.074,1,3,7,9.09,27.27,63.64,0,0,0,35,9,0.24,26,31.43,0,1,8,0.054,10,0.068,19,0.128,14.66
"Gylfi Sigurdsson","Everton","Midfielder","Iceland",31,284,61,0.215,3,45,13,4.92,73.77,21.31,9,14.75,7,603,221,2.12,37,10.12,20,31,45,0.158,68,0.239,106,0.373,14.6
"Dominic Calvert-Lewin","Everton","Forward","England",23,116,28,0.241,12,12,4,42.86,42.86,14.29,0,0,0,195,77,1.68,39,14.36,4,31,9,0.078,9,0.078,37,0.319,14.59
"Pascal Groß","Brighton-and-Hove-Albion","Midfielder","Germany",29,93,12,0.129,2,9,1,16.67,75,8.33,2,16.67,1,97,38,1.04,39,12.37,1,3,15,0.161,35,0.376,27,0.29,14.49
"Xherdan Shaqiri","Liverpool","Midfielder","Switzerland",28,115,22,0.191,1,3,18,4.55,13.64,81.82,0,0,3,187,64,1.63,34,11.76,4,10,18,0.157,32,0.278,40,0.348,14.49
"Aleksandar Mitrovic","Fulham","Forward","Serbia",26,79,23,0.291,11,10,2,47.83,43.48,8.7,4,17.39,0,221,85,2.8,38,10.41,7,24,7,0.089,6,0.076,30,0.38,14.46
"Kyle Walker","Manchester-City","Defender","England",30,293,7,0.024,0,6,1,0,85.71,14.29,0,0,0,20,3,0.07,15,35,3,0,29,0.099,25,0.085,36,0.123,14.39
"Tanguy Ndombele","Tottenham-Hotspur","Midfielder","France",23,23,2,0.087,0,1,1,0,50,50,0,0,0,9,4,0.39,44,22.22,0,0,2,0.087,1,0.043,4,0.174,14.33
"Shkodran Mustafi","Arsenal","Defender","Germany",28,99,7,0.071,6,1,0,85.71,14.29,0,0,0,0,20,3,0.2,15,35,2,0,4,0.04,5,0.051,11,0.111,14.28
"Richarlison","Everton","Forward","Brazil",23,111,31,0.279,7,12,11,22.58,38.71,35.48,0,0,0,280,85,2.52,30,11.07,7,28,10,0.09,22,0.198,41,0.369,14.24
"Ryan Bertrand","Southampton","Defender","England",31,231,7,0.03,1,2,4,14.29,28.57,57.14,0,0,0,20,3,0.09,15,35,3,0,15,0.065,29,0.126,22,0.095,14.2
"Matej Vydra","Burnley","Forward","Czech Republic",28,57,6,0.105,0,5,1,0,83.33,16.67,0,0,0,37,20,0.65,54,16.22,1,10,5,0.088,4,0.07,11,0.193,14.04
"Felipe Anderson","West-Ham-United","Midfielder","Brazil",27,63,10,0.159,0,7,3,0,70,30,0,0,0,81,33,1.29,41,12.35,3,5,8,0.127,14,0.222,18,0.286,14
"Michy Batshuayi","Crystal-Palace","Forward","Belgium",26,60,13,0.217,1,8,4,7.69,61.54,30.77,0,0,0,73,25,1.22,34,17.81,1,9,3,0.05,0,0,16,0.267,13.83
"Cenk Tosun","Everton","Forward","Turkey",29,49,10,0.204,5,3,2,50,30,20,0,0,0,71,30,1.45,42,14.08,0,6,3,0.061,4,0.082,13,0.265,13.83
"Ashley Barnes","Burnley","Forward","England",30,155,38,0.245,5,29,4,13.16,76.32,10.53,5,13.16,0,276,104,1.78,38,13.77,6,28,6,0.039,11,0.071,44,0.284,13.77
"Jorginho","Chelsea","Midfielder","Italy",28,70,7,0.1,0,7,0,0,100,0,5,71.43,0,33,13,0.47,39,21.21,0,1,3,0.043,12,0.171,10,0.143,13.76
"Eddie Nketiah","Arsenal","Forward","England",21,23,4,0.174,0,2,2,0,50,50,0,0,0,20,8,0.87,40,20,4,3,0,0,1,0.043,4,0.174,13.7
"Ricardo Pereira","Leicester-City","Defender","Portugal",26,63,5,0.079,0,3,2,0,60,40,0,0,0,20,3,0.32,15,25,1,0,8,0.127,15,0.238,13,0.206,13.67
"Leandro Trossard","Brighton-and-Hove-Albion","Forward","Belgium",25,33,6,0.182,0,3,3,0,50,50,0,0,0,45,14,1.36,31,13.33,3,8,4,0.121,7,0.212,10,0.303,13.61
"Dwight Gayle","Newcastle-United","Forward","England",29,119,25,0.21,2,16,7,8,64,28,2,8,2,160,59,1.34,37,15.62,4,23,6,0.05,6,0.05,31,0.261,13.59
"Florin Andone","Brighton-and-Hove-Albion","Forward","Romania",27,26,4,0.154,2,2,0,50,50,0,0,0,0,20,9,0.77,45,20,0,3,0,0,0,0,4,0.154,13.58
"Fabian Schär","Newcastle-United","Defender","Switzerland",28,46,6,0.13,1,3,2,16.67,50,33.33,0,0,0,20,3,0.43,15,30,0,0,1,0.022,1,0.022,7,0.152,13.54
"Billy Sharp","Sheffield-United","Forward","England",34,28,3,0.107,1,1,1,33.33,33.33,33.33,0,0,0,17,7,0.61,41,17.65,1,6,2,0.071,5,0.179,5,0.179,13.5
"Nicolas Pépé","Arsenal","Forward","Cote D'Ivoire",25,33,5,0.152,0,0,5,0,0,100,1,20,0,51,18,1.55,35,9.8,3,2,6,0.182,8,0.242,11,0.333,13.42
"Ivan Cavaleiro","Fulham","Forward","Portugal",26,25,3,0.12,0,3,0,0,100,0,0,0,0,13,4,0.52,31,23.08,2,1,1,0.04,2,0.08,4,0.16,13.42
"Phil Foden","Manchester-City","Midfielder","England",20,42,7,0.167,1,1,5,14.29,14.29,71.43,0,0,0,50,22,1.19,44,14,1,3,3,0.071,3,0.071,10,0.238,13.36
"Sébastien Haller","West-Ham-United","Forward","France",26,34,7,0.206,0,5,2,0,71.43,28.57,0,0,0,58,28,1.71,48,12.07,0,6,1,0.029,2,0.059,8,0.235,13.27
"Robert Snodgrass","West-Ham-United","Midfielder","Scotland",33,160,26,0.162,2,1,23,7.69,3.85,88.46,2,7.69,6,250,88,1.56,35,10.4,7,16,23,0.144,35,0.219,49,0.306,13.12
"Wilfried Zaha","Crystal-Palace","Forward","Cote D'Ivoire",27,217,39,0.18,1,31,7,2.56,79.49,17.95,1,2.56,0,336,119,1.55,35,11.61,7,32,24,0.111,36,0.166,63,0.29,13.08
"Bertrand Traoré","Aston-Villa","Forward","Burkina Faso",25,10,2,0.2,0,0,2,0,0,100,0,0,0,17,6,1.7,35,11.76,0,0,1,0.1,1,0.1,3,0.3,13.03
"Gabriel Magalhães","Arsenal","Defender","Brazil",22,2,1,0.5,0,0,0,0,0,0,0,0,0,20,3,10,15,5,0,0,0,0,0,0,1,0.5,13
"Phil Bardsley","Burnley","Defender","Scotland",35,300,7,0.023,0,6,1,0,85.71,14.29,0,0,0,20,3,0.07,15,35,2,0,5,0.017,17,0.057,12,0.04,13
"Odion Ighalo","Manchester-United","Forward","Nigeria",31,67,16,0.239,1,12,3,6.25,75,18.75,0,0,0,153,62,2.28,41,10.46,3,25,4,0.06,1,0.015,20,0.299,12.99
"Shane Long","Southampton","Forward","Ireland",33,322,55,0.171,14,28,12,25.45,50.91,21.82,1,1.82,0,403,161,1.25,40,13.65,17,64,23,0.071,25,0.078,78,0.242,12.97
"Willian","Arsenal","Forward","Brazil",32,236,37,0.157,1,33,3,2.7,89.19,8.11,5,13.51,4,393,145,1.67,37,9.41,15,20,35,0.148,51,0.216,72,0.305,12.96
"Jay Rodriguez","Burnley","Forward","England",31,178,41,0.23,8,25,7,19.51,60.98,17.07,2,4.88,0,378,140,2.12,37,10.85,10,35,12,0.067,14,0.079,53,0.298,12.95
"Aboubakar Kamara","Fulham","Forward","France",25,15,3,0.2,0,3,0,0,100,0,1,33.33,0,22,10,1.47,45,13.64,0,4,0,0,1,0.067,3,0.2,12.93
"John Fleck","Sheffield-United","Midfielder","Scotland",29,32,5,0.156,0,1,4,0,20,80,0,0,0,32,11,1,34,15.62,1,2,2,0.062,5,0.156,7,0.219,12.92
"James Maddison","Leicester-City","Midfielder","England",23,69,13,0.188,0,11,2,0,84.62,15.38,1,7.69,4,157,46,2.28,29,8.28,2,11,10,0.145,21,0.304,23,0.333,12.84
"Andy Carroll","Newcastle-United","Forward","England",31,232,53,0.228,24,6,23,45.28,11.32,43.4,2,3.77,1,534,172,2.3,32,9.93,12,49,22,0.095,28,0.121,75,0.323,12.77
"Mason Mount","Chelsea","Midfielder","England",21,39,7,0.179,0,7,0,0,100,0,0,0,1,80,29,2.05,36,8.75,3,9,5,0.128,8,0.205,12,0.308,12.75
"Ahmed El Mohamady","Aston-Villa","Defender","Egypt",33,183,6,0.033,4,2,0,66.67,33.33,0,0,0,0,20,3,0.11,15,30,4,0,13,0.071,19,0.104,19,0.104,12.74
"Ben Davies","Tottenham-Hotspur","Defender","Wales",27,201,6,0.03,0,1,5,0,16.67,83.33,0,0,0,20,3,0.1,15,30,2,0,15,0.075,20,0.1,21,0.104,12.72
"Pedro Neto","Wolverhampton-Wanderers","Forward","Portugal",20,31,3,0.097,0,1,2,0,33.33,66.67,0,0,0,19,6,0.61,32,15.79,0,3,4,0.129,5,0.161,7,0.226,12.62
"Hal Robson-Kanu","West-Bromwich-Albion","Forward","Wales",31,76,12,0.158,3,2,7,25,16.67,58.33,1,8.33,0,73,28,0.96,38,16.44,2,5,3,0.039,2,0.026,15,0.197,12.61
"Lucas Digne","Everton","Defender","France",27,72,4,0.056,0,0,4,0,0,100,0,0,0,20,3,0.28,15,20,5,0,12,0.167,21,0.292,16,0.222,12.59
"Adam Lallana","Brighton-and-Hove-Albion","Midfielder","England",32,198,30,0.152,1,12,15,3.33,40,50,0,0,0,274,96,1.38,35,10.95,8,24,28,0.141,25,0.126,58,0.293,12.57
"Andrew Robertson","Liverpool","Defender","Scotland",26,153,4,0.026,2,0,2,50,0,50,0,0,0,20,3,0.13,15,20,3,0,33,0.216,40,0.261,37,0.242,12.56
"Conor Hourihane","Aston-Villa","Midfielder","Ireland",29,28,3,0.107,0,0,3,0,0,100,0,0,1,30,10,1.07,33,10,1,1,5,0.179,8,0.286,8,0.286,12.55
"Harry Wilson","Liverpool","Midfielder","Wales",23,31,7,0.226,0,0,7,0,0,100,0,0,2,56,20,1.81,36,12.5,1,2,0,0,4,0.129,7,0.226,12.51
"Lucas Moura","Tottenham-Hotspur","Forward","Brazil",28,75,14,0.187,2,10,2,14.29,71.43,14.29,0,0,0,108,37,1.44,34,12.96,1,17,5,0.067,7,0.093,19,0.253,12.5
"Harvey Barnes","Leicester-City","Midfielder","England",22,57,8,0.14,0,7,1,0,87.5,12.5,0,0,0,112,43,1.96,38,7.14,0,12,11,0.193,9,0.158,19,0.333,12.43
"Lewis Dunk","Brighton-and-Hove-Albion","Defender","England",28,112,6,0.054,3,3,0,50,50,0,0,0,0,20,3,0.18,15,30,1,0,5,0.045,3,0.027,11,0.098,12.39
"Allan Saint-Maximin","Newcastle-United","Forward","France",23,28,3,0.107,1,2,0,33.33,66.67,0,0,0,0,47,21,1.68,45,6.38,2,4,4,0.143,8,0.286,7,0.25,12.13
"Daniel James","Manchester-United","Midfielder","Wales",22,34,3,0.088,0,3,0,0,100,0,0,0,0,43,20,1.26,47,6.98,0,2,6,0.176,6,0.176,9,0.265,12.07
"Calum Chambers","Arsenal","Defender","England",25,139,6,0.043,1,4,1,16.67,66.67,16.67,0,0,0,20,3,0.14,15,30,1,0,3,0.022,9,0.065,9,0.065,12.01
"Michael Keane","Everton","Defender","England",27,153,6,0.039,3,2,1,50,33.33,16.67,0,0,0,20,3,0.13,15,30,3,0,5,0.033,7,0.046,11,0.072,12.01
"Jordan Ayew","Crystal-Palace","Forward","Ghana",29,139,25,0.18,4,17,4,16,68,16,2,8,0,226,78,1.63,35,11.06,8,13,9,0.065,12,0.086,34,0.245,11.82
"Jamaal Lascelles","Newcastle-United","Defender","England",26,109,6,0.055,6,0,0,100,0,0,0,0,0,20,3,0.18,15,30,0,0,1,0.009,2,0.018,7,0.064,11.82
"Manuel Lanzini","West-Ham-United","Midfielder","Argentina",27,122,20,0.164,1,15,4,5,75,20,2,10,1,195,61,1.6,31,10.26,2,11,13,0.107,18,0.148,33,0.27,11.8
"Mark Noble","West-Ham-United","Midfielder","England",33,383,46,0.12,0,44,2,0,95.65,4.35,27,58.7,2,332,114,0.87,34,13.86,7,3,35,0.091,35,0.091,81,0.211,11.78
"Georginio Wijnaldum","Liverpool","Midfielder","Netherlands",29,181,25,0.138,8,16,1,32,64,4,1,4,0,224,86,1.24,38,11.16,2,16,16,0.088,15,0.083,41,0.227,11.64
"Patrick Bamford","Leeds-United","Forward","England",27,29,3,0.103,1,2,0,33.33,66.67,0,0,0,0,20,9,0.69,45,15,1,2,1,0.034,0,0,4,0.138,11.57
"Youri Tielemans","Leicester-City","Midfielder","Belgium",23,52,6,0.115,1,3,2,16.67,50,33.33,0,0,0,89,27,1.71,30,6.74,1,1,10,0.192,14,0.269,16,0.308,11.55
"Jesse Lingard","Manchester-United","Midfielder","England",27,133,18,0.135,2,15,1,11.11,83.33,5.56,1,5.56,0,178,69,1.34,39,10.11,6,18,10,0.075,18,0.135,28,0.211,11.43
"Daniel Podence","Wolverhampton-Wanderers","Midfielder","Portugal",24,11,1,0.091,1,0,0,100,0,0,0,0,0,12,3,1.09,25,8.33,0,0,2,0.182,4,0.364,3,0.273,11.37
"Stuart Armstrong","Southampton","Midfielder","Scotland",28,60,8,0.133,0,6,2,0,75,25,0,0,0,79,32,1.32,41,10.13,0,4,5,0.083,3,0.05,13,0.217,11.29
"Leander Dendoncker","Wolverhampton-Wanderers","Midfielder","Belgium",25,59,6,0.102,1,3,2,16.67,50,33.33,0,0,0,37,15,0.63,41,16.22,2,8,0,0,2,0.034,6,0.102,11.18
"Curtis Jones","Liverpool","Midfielder","England",19,7,1,0.143,0,1,0,0,100,0,0,0,0,6,2,0.86,33,16.67,0,0,0,0,0,0,1,0.143,11.16
"James Milner","Liverpool","Midfielder","England",34,539,55,0.102,1,38,8,1.82,69.09,14.55,17,30.91,4,496,151,0.92,30,11.09,7,14,84,0.156,46,0.085,139,0.258,11.13
"Alex Iwobi","Everton","Forward","Nigeria",24,126,12,0.095,2,9,1,16.67,75,8.33,0,0,0,157,65,1.25,41,7.64,4,10,16,0.127,23,0.183,28,0.222,11.11
"John Lundstram","Sheffield-United","Midfielder","England",26,36,5,0.139,0,4,1,0,80,20,0,0,0,44,11,1.22,25,11.36,1,5,3,0.083,8,0.222,8,0.222,11.04
"Oliver McBurnie","Sheffield-United","Forward","Scotland",24,54,6,0.111,2,4,0,33.33,66.67,0,0,0,0,60,31,1.11,52,10,0,10,1,0.019,3,0.056,7,0.13,10.99
"Naby Keita","Liverpool","Midfielder","Guinea",25,45,4,0.089,1,3,0,25,75,0,0,0,0,40,17,0.89,42,10,1,4,4,0.089,6,0.133,8,0.178,10.98
"Erik Lamela","Tottenham-Hotspur","Midfielder","Argentina",28,155,16,0.103,2,1,12,12.5,6.25,75,0,0,0,203,69,1.31,34,7.88,8,16,23,0.148,28,0.181,39,0.252,10.95
"Anwar El Ghazi","Aston-Villa","Midfielder","Netherlands",25,34,4,0.118,0,4,0,0,100,0,1,25,0,52,20,1.53,38,7.69,2,7,4,0.118,4,0.118,8,0.235,10.83
"James Ward-Prowse","Southampton","Midfielder","England",25,233,22,0.094,0,18,4,0,81.82,18.18,4,18.18,6,249,102,1.07,41,8.84,5,15,22,0.094,36,0.155,44,0.189,10.82
"Antonio Rüdiger","Chelsea","Defender","Germany",27,80,5,0.062,5,0,0,100,0,0,0,0,0,20,3,0.25,15,25,1,0,1,0.013,5,0.062,6,0.075,10.75
"Pablo Hernández","Leeds-United","Midfielder","Spain",35,58,5,0.086,0,4,1,0,80,20,0,0,0,78,21,1.34,27,6.41,1,2,13,0.224,12,0.207,18,0.31,10.74
"Dwight McNeil","Burnley","Midfielder","England",20,61,5,0.082,0,0,5,0,0,100,0,0,0,75,20,1.23,27,6.67,3,2,12,0.197,17,0.279,17,0.279,10.69
"Ilkay Gündogan","Manchester-City","Midfielder","Germany",29,102,15,0.147,2,10,3,13.33,66.67,20,2,13.33,1,127,34,1.25,27,11.81,3,7,6,0.059,12,0.118,21,0.206,10.66
"Trézéguet","Aston-Villa","Midfielder","Egypt",25,35,6,0.171,0,5,1,0,83.33,16.67,0,0,0,52,17,1.49,33,11.54,2,3,1,0.029,0,0,7,0.2,10.62
"Moussa Djenepo","Southampton","Midfielder","Mali",22,20,2,0.1,0,2,0,0,100,0,0,0,0,22,8,1.1,36,9.09,1,3,2,0.1,3,0.15,4,0.2,10.58
"Matt Phillips","West-Bromwich-Albion","Midfielder","Scotland",29,110,10,0.091,2,6,2,20,60,20,0,0,0,150,39,1.36,26,6.67,2,8,22,0.2,23,0.209,32,0.291,10.47
"James Tarkowski","Burnley","Defender","England",27,123,5,0.041,1,1,2,20,20,40,0,0,0,20,3,0.16,15,25,1,0,3,0.024,7,0.057,8,0.065,10.46
"Jack Grealish","Aston-Villa","Midfielder","England",25,71,9,0.127,0,6,3,0,66.67,33.33,0,0,0,105,32,1.48,30,8.57,2,6,7,0.099,12,0.169,16,0.225,10.44
"Connor Wickham","Crystal-Palace","Forward","England",27,120,19,0.158,4,10,5,21.05,52.63,26.32,1,5.26,0,189,59,1.57,31,10.05,6,12,7,0.058,5,0.042,26,0.217,10.36
"Romain Saïss","Wolverhampton-Wanderers","Midfielder","Morocco",30,54,5,0.093,3,1,1,60,20,20,0,0,0,38,15,0.7,39,13.16,1,6,1,0.019,4,0.074,6,0.111,10.36
"Che Adams","Southampton","Forward","England",24,32,4,0.125,0,4,0,0,100,0,0,0,0,41,13,1.28,32,9.76,1,11,2,0.062,5,0.156,6,0.188,10.34
"Aaron Connolly","Brighton-and-Hove-Albion","Forward","Ireland",20,26,4,0.154,0,4,0,0,100,0,0,0,0,43,16,1.65,37,9.3,0,5,1,0.038,1,0.038,5,0.192,10.33
"Serge Aurier","Tottenham-Hotspur","Defender","Cote D'Ivoire",27,58,3,0.052,1,1,1,33.33,33.33,33.33,0,0,0,20,3,0.34,15,15,0,0,9,0.155,11,0.19,12,0.207,10.31
"Ben Chilwell","Chelsea","Defender","England",23,99,4,0.04,0,1,3,0,25,75,0,0,0,20,3,0.2,15,20,1,0,9,0.091,12,0.121,13,0.131,10.27
"Abdoulaye Doucouré","Everton","Midfielder","France",27,131,17,0.13,2,12,2,11.76,70.59,11.76,0,0,0,182,54,1.39,30,9.34,2,11,11,0.084,15,0.115,28,0.214,10.24
"Kurt Zouma","Chelsea","Defender","France",25,143,5,0.035,4,1,0,80,20,0,0,0,0,20,3,0.14,15,25,2,0,4,0.028,2,0.014,9,0.063,10.19
"Marc Albrighton","Leicester-City","Midfielder","England",30,258,17,0.066,2,13,2,11.76,76.47,11.76,0,0,1,220,70,0.85,32,7.73,5,13,37,0.143,60,0.233,54,0.209,10.15
"Rodrigo","Manchester-City","Midfielder","Spain",24,36,3,0.083,1,2,0,33.33,66.67,0,0,0,0,25,9,0.69,36,12,0,0,2,0.056,3,0.083,5,0.139,10.11
"Jordan Henderson","Liverpool","Midfielder","England",30,342,30,0.088,1,22,7,3.33,73.33,23.33,1,3.33,2,344,99,1.01,29,8.72,9,16,46,0.135,49,0.143,76,0.222,10.02
"Ross Barkley","Chelsea","Midfielder","England",26,202,25,0.124,2,16,7,8,64,28,2,8,2,411,119,2.03,29,6.08,10,25,27,0.134,32,0.158,52,0.257,10
"Allan","Everton","Midfielder","Brazil",29,2,0,0,0,0,0,0,0,0,0,0,0,1,1,0.5,100,0,0,0,0,0,0,0,0,0,10
"Ezgjan Alioski","Leeds-United","Midfielder","England",25,1,0,0,0,0,0,0,0,0,0,0,0,1,1,1,100,0,0,0,0,0,0,0,0,0,10
"Harvey Elliott","Liverpool","Midfielder","England",17,4,0,0,0,0,0,0,0,0,0,0,0,1,1,0.25,100,0,0,0,0,0,0,0,0,0,10
"Tommy Doyle","Manchester-City","Midfielder","England",18,1,0,0,0,0,0,0,0,0,0,0,0,1,1,1,100,0,0,0,0,0,0,0,0,0,10
"Nathan Redmond","Southampton","Midfielder","England",26,208,25,0.12,1,20,3,4,80,12,0,0,0,382,129,1.84,34,6.54,14,15,18,0.087,37,0.178,43,0.207,9.96
"Yannick Bolasie","Everton","Forward","The Democratic Republic Of Congo",31,119,11,0.092,1,8,2,9.09,72.73,18.18,0,0,0,219,72,1.84,33,5.02,8,8,17,0.143,25,0.21,28,0.235,9.84
"Jóhann Gudmundsson","Burnley","Midfielder","Iceland",29,96,7,0.073,2,0,5,28.57,0,71.43,0,0,0,114,37,1.19,32,6.14,8,1,17,0.177,12,0.125,24,0.25,9.78
"Ruben Loftus-Cheek","Chelsea","Midfielder","England",24,78,9,0.115,2,6,1,22.22,66.67,11.11,0,0,0,78,19,1,24,11.54,1,6,6,0.077,7,0.09,15,0.192,9.77
"Ryan Sessegnon","Tottenham-Hotspur","Midfielder","England",20,41,2,0.049,0,1,1,0,50,50,0,0,0,29,11,0.71,38,6.9,1,9,6,0.146,6,0.146,8,0.195,9.77
"Aymeric Laporte","Manchester-City","Defender","France",26,59,4,0.068,4,0,0,100,0,0,0,0,0,20,3,0.34,15,20,0,0,3,0.051,1,0.017,7,0.119,9.71
"Scott McTominay","Manchester-United","Midfielder","Scotland",23,59,6,0.102,0,4,2,0,66.67,33.33,0,0,0,48,17,0.81,35,12.5,0,3,1,0.017,2,0.034,7,0.119,9.71
"Sander Berge","Sheffield-United","Midfielder","Norway",22,16,1,0.062,0,1,0,0,100,0,0,0,0,7,2,0.44,29,14.29,0,1,1,0.062,1,0.062,2,0.125,9.67
"Andros Townsend","Crystal-Palace","Midfielder","England",29,211,22,0.104,0,5,17,0,22.73,77.27,1,4.55,1,335,103,1.59,31,6.57,6,12,22,0.104,40,0.19,44,0.209,9.66
"Lys Mousset","Sheffield-United","Forward","France",24,88,9,0.102,1,6,2,11.11,66.67,22.22,0,0,0,81,24,0.92,30,11.11,1,11,4,0.045,9,0.102,13,0.148,9.56
"Willy Boly","Wolverhampton-Wanderers","Defender","France",29,60,4,0.067,3,0,0,75,0,0,0,0,0,20,3,0.33,15,20,0,0,1,0.017,5,0.083,5,0.083,9.51
"Bernard","Everton","Forward","Brazil",28,61,4,0.066,0,4,0,0,100,0,0,0,0,35,10,0.57,29,11.43,2,5,5,0.082,7,0.115,9,0.148,9.45
"Matt Ritchie","Newcastle-United","Midfielder","Scotland",31,128,11,0.086,1,1,9,9.09,9.09,81.82,1,9.09,0,206,51,1.61,25,5.34,5,7,20,0.156,27,0.211,31,0.242,9.22
"Moise Kean","Everton","Forward","Italy",20,31,2,0.065,0,2,0,0,100,0,0,0,0,31,13,1,42,6.45,0,4,2,0.065,5,0.161,4,0.129,9.21
"John McGinn","Aston-Villa","Midfielder","Scotland",25,29,3,0.103,0,0,3,0,0,100,0,0,0,57,20,1.97,35,5.26,2,4,3,0.103,3,0.103,6,0.207,9.2
"James McArthur","Crystal-Palace","Midfielder","Scotland",32,282,23,0.082,6,10,7,26.09,43.48,30.43,0,0,0,214,64,0.76,30,10.75,3,12,18,0.064,21,0.074,41,0.145,9.19
"Bukayo Saka","Arsenal","Midfielder","England",19,28,1,0.036,0,0,1,0,0,100,0,0,0,15,4,0.54,27,6.67,1,1,5,0.179,6,0.214,6,0.214,9.18
"Jack Stephens","Southampton","Defender","England",26,93,4,0.043,2,1,1,50,25,25,0,0,0,20,3,0.22,15,20,1,0,4,0.043,3,0.032,8,0.086,9.16
"Issa Diop","West-Ham-United","Defender","France",23,67,4,0.06,3,1,0,75,25,0,0,0,0,20,3,0.3,15,20,0,0,1,0.015,3,0.045,5,0.075,9.15
"Dennis Praet","Leicester-City","Midfielder","Belgium",26,29,2,0.069,0,2,0,0,100,0,0,0,0,21,5,0.72,24,9.52,1,0,3,0.103,4,0.138,5,0.172,8.87
"José Izquierdo","Brighton-and-Hove-Albion","Forward","Colombia",28,47,5,0.106,0,5,0,0,100,0,0,0,0,67,19,1.43,28,7.46,0,3,4,0.085,4,0.085,9,0.191,8.86
"Jonjo Shelvey","Newcastle-United","Midfielder","England",28,215,20,0.093,1,16,3,5,80,15,2,10,1,374,114,1.74,30,5.35,12,17,23,0.107,30,0.14,43,0.2,8.77
"Grady Diangana","West-Bromwich-Albion","Midfielder","England",22,19,1,0.053,0,0,1,0,0,100,0,0,0,13,5,0.68,38,7.69,0,0,1,0.053,3,0.158,2,0.105,8.75
"Alex Oxlade-Chamberlain","Liverpool","Midfielder","England",27,196,16,0.082,0,14,2,0,87.5,12.5,0,0,0,237,65,1.21,27,6.75,8,11,22,0.112,27,0.138,38,0.194,8.74
"Federico Fernández","Newcastle-United","Defender","Argentina",31,170,4,0.024,2,1,0,50,25,0,0,0,0,20,3,0.12,15,20,2,0,7,0.041,5,0.029,11,0.065,8.74
"Demarai Gray","Leicester-City","Midfielder","England",24,132,10,0.076,0,8,1,0,80,10,0,0,0,138,47,1.05,34,7.25,2,9,9,0.068,13,0.098,19,0.144,8.61
"Moussa Sissoko","Tottenham-Hotspur","Midfielder","France",31,235,14,0.06,1,12,1,7.14,85.71,7.14,0,0,0,216,69,0.92,32,6.48,3,18,24,0.102,34,0.145,38,0.162,8.6
"Fernandinho","Manchester-City","Midfielder","Brazil",35,225,18,0.08,2,14,2,11.11,77.78,11.11,0,0,0,217,63,0.96,29,8.29,3,11,16,0.071,24,0.107,34,0.151,8.59
"David McGoldrick","Sheffield-United","Forward","Ireland",32,30,2,0.067,0,1,1,0,50,50,0,0,0,47,20,1.57,43,4.26,0,15,2,0.067,4,0.133,4,0.133,8.59
"Fabinho","Liverpool","Midfielder","Brazil",26,58,3,0.052,1,2,0,33.33,66.67,0,0,0,0,29,8,0.5,28,10.34,0,1,5,0.086,4,0.069,8,0.138,8.58
"Kenneth Zohore","West-Bromwich-Albion","Forward","Denmark",26,19,1,0.053,0,0,1,0,0,100,0,0,0,17,8,0.89,47,5.88,0,2,1,0.053,1,0.053,2,0.105,8.58
"Adam Webster","Brighton-and-Hove-Albion","Defender","England",25,33,3,0.091,2,1,0,66.67,33.33,0,0,0,0,20,3,0.61,15,15,0,0,1,0.03,2,0.061,4,0.121,8.57
"Kamil Grosicki","West-Bromwich-Albion","Midfielder","Poland",32,15,0,0,0,0,0,0,0,0,0,0,0,24,7,1.6,29,0,1,1,4,0.267,5,0.333,4,0.267,8.57
"Jack Wilshere","West-Ham-United","Midfielder","England",28,182,8,0.044,1,2,5,12.5,25,62.5,0,0,0,140,50,0.77,36,5.71,10,12,18,0.099,32,0.176,26,0.143,8.56
"Ben Mee","Burnley","Defender","England",31,166,4,0.024,3,1,0,75,25,0,0,0,0,20,3,0.12,15,20,4,0,4,0.024,7,0.042,8,0.048,8.55
"Joel Matip","Liverpool","Defender","Cameroon",29,86,4,0.047,3,1,0,75,25,0,0,0,0,20,3,0.23,15,20,4,0,0,0,2,0.023,4,0.047,8.55
"Joel Ward","Crystal-Palace","Defender","England",30,201,4,0.02,2,1,1,50,25,25,0,0,0,20,3,0.1,15,20,2,0,5,0.025,9,0.045,9,0.045,8.5
"Sokratis","Arsenal","Defender","Greece",32,44,3,0.068,1,2,0,33.33,66.67,0,0,0,0,20,3,0.45,15,15,1,0,2,0.045,4,0.091,5,0.114,8.49
"Sead Kolasinac","Arsenal","Defender","Bosnia And Herzegovina",27,78,2,0.026,0,0,2,0,0,100,0,0,0,20,3,0.26,15,10,1,0,11,0.141,18,0.231,13,0.167,8.29
"Angelo Ogbonna","West-Ham-United","Defender","Italy",32,137,4,0.029,2,0,1,50,0,25,0,0,0,20,3,0.15,15,20,1,0,1,0.007,2,0.015,5,0.036,8.26
"Douglas Luiz","Aston-Villa","Midfielder","Brazil",22,37,3,0.081,0,2,1,0,66.67,33.33,0,0,0,41,13,1.11,32,7.32,0,2,2,0.054,3,0.081,5,0.135,8.23
"Pablo Fornals","West-Ham-United","Midfielder","Spain",24,38,2,0.053,0,2,0,0,100,0,0,0,0,37,11,0.97,30,5.41,1,2,5,0.132,4,0.105,7,0.184,8.19
"Jeff Hendrick","Newcastle-United","Midfielder","Ireland",28,124,10,0.081,1,8,1,10,80,10,0,0,0,99,25,0.8,25,10.1,0,7,6,0.048,7,0.056,16,0.129,8.15
"Callum Hudson-Odoi","Chelsea","Forward","England",19,35,1,0.029,0,1,0,0,100,0,0,0,0,29,8,0.83,28,3.45,1,2,6,0.171,8,0.229,7,0.2,8.12
"Andreas Pereira","Manchester-United","Midfielder","Brazil",24,45,2,0.044,0,1,1,0,50,50,0,0,0,45,16,1,36,4.44,0,1,4,0.089,8,0.178,6,0.133,8.04
"Yerry Mina","Everton","Defender","Colombia",26,44,3,0.068,2,1,0,66.67,33.33,0,0,0,0,20,3,0.45,15,15,0,0,1,0.023,2,0.045,4,0.091,7.93
"João Moutinho","Wolverhampton-Wanderers","Midfielder","Portugal",34,78,2,0.026,0,1,1,0,50,50,0,0,1,40,9,0.51,22,5,1,0,14,0.179,16,0.205,16,0.205,7.93
"Adama Traoré","Wolverhampton-Wanderers","Forward","Spain",24,105,5,0.048,0,5,0,0,100,0,0,0,0,78,21,0.74,27,6.41,2,6,12,0.114,13,0.124,17,0.162,7.91
"Miguel Almirón","Newcastle-United","Midfielder","Paraguay",26,48,4,0.083,0,2,2,0,50,50,0,0,0,76,25,1.58,33,5.26,2,11,3,0.062,4,0.083,7,0.146,7.88
"Ashley Westwood","Burnley","Midfielder","England",30,222,9,0.041,0,9,0,0,100,0,0,0,1,137,34,0.62,25,6.57,1,5,25,0.113,39,0.176,34,0.153,7.87
"Robbie Brady","Burnley","Midfielder","Ireland",28,142,9,0.063,0,2,7,0,22.22,77.78,2,22.22,1,155,42,1.09,27,5.81,7,1,12,0.085,23,0.162,21,0.148,7.79
"Christian Atsu","Newcastle-United","Midfielder","Ghana",28,80,3,0.038,0,0,3,0,0,100,0,0,0,72,28,0.9,39,4.17,0,4,6,0.075,12,0.15,9,0.112,7.79
"Callum Robinson","West-Bromwich-Albion","Forward","Ireland",25,22,1,0.045,0,1,0,0,100,0,0,0,0,14,5,0.64,36,7.14,0,1,1,0.045,2,0.091,2,0.091,7.77
"Jonny","Wolverhampton-Wanderers","Defender","Spain",26,68,3,0.044,0,3,0,0,100,0,0,0,0,20,3,0.29,15,15,1,0,3,0.044,3,0.044,6,0.088,7.76
"Sam Field","West-Bromwich-Albion","Midfielder","England",22,20,1,0.05,0,0,1,0,0,100,0,0,0,6,1,0.3,17,16.67,0,0,0,0,0,0,1,0.05,7.7
"Cheikhou Kouyaté","Crystal-Palace","Midfielder","Senegal",30,197,13,0.066,5,7,0,38.46,53.85,0,0,0,0,167,54,0.85,32,7.78,8,12,10,0.051,3,0.015,23,0.117,7.69
"Jarrod Bowen","West-Ham-United","Forward","England",23,22,1,0.045,0,0,1,0,0,100,0,0,0,32,7,1.45,22,3.12,2,3,4,0.182,4,0.182,5,0.227,7.68
"Granit Xhaka","Arsenal","Midfielder","Switzerland",27,132,8,0.061,0,0,8,0,0,100,0,0,2,144,41,1.09,28,5.56,2,1,13,0.098,12,0.091,21,0.159,7.61
"Enda Stevens","Sheffield-United","Defender","Ireland",30,47,2,0.043,1,0,1,50,0,50,0,0,0,20,3,0.43,15,10,0,0,4,0.085,9,0.191,6,0.128,7.59
"Ezri Konsa Ngoyo","Aston-Villa","Defender","England",22,26,2,0.077,1,1,0,50,50,0,0,0,0,20,3,0.77,15,10,0,0,2,0.077,2,0.077,4,0.154,7.58
"Kalvin Phillips","Leeds-United","Midfielder","England",24,2,0,0,0,0,0,0,0,0,0,0,0,1,0,0.5,0,0,0,0,1,0.5,0,0,1,0.5,7.5
"N'Golo Kanté","Chelsea","Midfielder","France",29,166,10,0.06,0,6,4,0,60,40,0,0,0,120,29,0.72,24,8.33,0,7,10,0.06,15,0.09,20,0.12,7.45
"Jean Michael Seri","Fulham","Midfielder","Cote D'Ivoire",29,32,1,0.031,0,1,0,0,100,0,0,0,0,19,6,0.59,32,5.26,1,1,2,0.062,7,0.219,3,0.094,7.42
"Matt Targett","Aston-Villa","Defender","England",25,72,2,0.028,1,0,1,50,0,50,0,0,0,20,3,0.28,15,10,1,0,6,0.083,13,0.181,8,0.111,7.21
"Rodrigo Moreno","Leeds-United","Forward","Spain",29,19,1,0.053,0,0,1,0,0,100,0,0,0,20,5,1.05,25,5,1,0,1,0.053,5,0.263,2,0.105,7.17
"Eric Dier","Tottenham-Hotspur","Midfielder","England",26,176,10,0.057,4,5,1,40,50,10,0,0,0,114,27,0.65,24,8.77,2,6,8,0.045,11,0.062,18,0.102,7.16
"Isaac Hayden","Newcastle-United","Midfielder","England",25,82,3,0.037,1,2,0,33.33,66.67,0,0,0,0,55,17,0.67,31,5.45,0,2,6,0.073,9,0.11,9,0.11,7.12
"Hamza Choudhury","Leicester-City","Midfielder","England",22,37,1,0.027,0,1,0,0,100,0,0,0,0,13,4,0.35,31,7.69,0,1,2,0.054,2,0.054,3,0.081,7.03
"George Baldock","Sheffield-United","Defender","England",27,40,2,0.05,0,2,0,0,100,0,0,0,0,20,3,0.5,15,10,0,0,3,0.075,3,0.075,5,0.125,7
"Oliver Norwood","Sheffield-United","Midfielder","Northern Ireland",29,39,1,0.026,0,1,0,0,100,0,1,100,0,17,6,0.44,35,5.88,0,0,1,0.026,6,0.154,2,0.051,6.94
"Mamadou Sakho","Crystal-Palace","Defender","France",30,125,3,0.024,1,1,1,33.33,33.33,33.33,0,0,0,20,3,0.16,15,15,3,0,2,0.016,2,0.016,5,0.04,6.8
"Tom Davies","Everton","Midfielder","England",22,106,5,0.047,1,2,2,20,40,40,0,0,0,60,15,0.57,25,8.33,2,4,4,0.038,5,0.047,9,0.085,6.74
"Christian Fuchs","Leicester-City","Defender","Austria",34,107,2,0.019,0,1,1,0,50,50,0,0,0,20,3,0.19,15,10,1,0,9,0.084,11,0.103,11,0.103,6.66
"James McCarthy","Crystal-Palace","Midfielder","Ireland",29,258,13,0.05,0,10,3,0,76.92,23.08,0,0,0,178,47,0.69,26,7.3,4,8,12,0.047,8,0.031,25,0.097,6.65
"Reece James","Chelsea","Defender","England",20,26,1,0.038,0,1,0,0,100,0,0,0,0,20,3,0.77,15,5,1,0,3,0.115,6,0.231,4,0.154,6.64
"Sean Longstaff","Newcastle-United","Midfielder","England",22,33,2,0.061,0,1,1,0,50,50,0,0,0,33,9,1,27,6.06,1,0,1,0.03,3,0.091,3,0.091,6.64
"Ainsley Maitland-Niles","Arsenal","Midfielder","England",23,54,1,0.019,0,1,0,0,100,0,0,0,0,14,4,0.26,29,7.14,1,1,3,0.056,4,0.074,4,0.074,6.63
"Jacob Murphy","Newcastle-United","Midfielder","England",25,34,1,0.029,0,1,0,0,100,0,0,0,0,24,8,0.71,33,4.17,0,1,2,0.059,4,0.118,3,0.088,6.61
"Luke Thomas","Leicester-City","Defender","England",19,3,0,0,0,0,0,0,0,0,0,0,0,20,3,6.67,15,0,0,0,1,0.333,0,0,1,0.333,6.5
"Lucas Torreira","Arsenal","Midfielder","Uruguay",24,63,3,0.048,0,3,0,0,100,0,0,0,0,46,12,0.73,26,6.52,1,1,3,0.048,3,0.048,6,0.095,6.48
"Reiss Nelson","Arsenal","Forward","England",20,20,1,0.05,0,1,0,0,100,0,0,0,0,13,4,0.65,31,7.69,0,0,0,0,0,0,1,0.05,6.41
"Yan Valery","Southampton","Defender","France",21,34,2,0.059,0,1,1,0,50,50,0,0,0,20,3,0.59,15,10,0,0,1,0.029,2,0.059,3,0.088,6.41
"Tyrone Mings","Aston-Villa","Defender","England",27,51,2,0.039,0,0,2,0,0,100,0,0,0,20,3,0.39,15,10,0,0,3,0.059,2,0.039,5,0.098,6.36
"Matthew Lowton","Burnley","Defender","England",31,172,2,0.012,0,1,1,0,50,50,0,0,0,20,3,0.12,15,10,0,0,12,0.07,18,0.105,14,0.081,6.32
"Kyle Walker-Peters","Southampton","Defender","England",23,24,0,0,0,0,0,0,0,0,0,0,0,20,3,0.83,15,0,0,0,6,0.25,5,0.208,6,0.25,6.29
"Sofiane Boufal","Southampton","Midfielder","Morocco",27,70,3,0.043,0,1,2,0,33.33,66.67,0,0,0,73,20,1.04,27,4.11,0,2,4,0.057,9,0.129,7,0.1,6.29
"Rúben Neves","Wolverhampton-Wanderers","Midfielder","Portugal",23,75,6,0.08,0,6,0,0,100,0,2,33.33,2,137,26,1.83,19,4.38,2,0,5,0.067,7,0.093,11,0.147,6.28
"Joelinton","Newcastle-United","Forward","Brazil",24,40,2,0.05,0,1,1,0,50,50,0,0,0,51,15,1.27,29,3.92,1,8,2,0.05,3,0.075,4,0.1,6.2
"Jack Cork","Burnley","Midfielder","England",31,264,8,0.03,3,3,2,37.5,37.5,25,0,0,0,137,42,0.52,31,5.84,2,6,9,0.034,11,0.042,17,0.064,6.17
"Nemanja Matic","Manchester-United","Midfielder","Serbia",32,208,6,0.029,0,2,4,0,33.33,66.67,0,0,0,134,35,0.64,26,4.48,3,7,19,0.091,11,0.053,25,0.12,6.15
"Tariq Lamptey","Brighton-and-Hove-Albion","Defender","England",19,11,0,0,0,0,0,0,0,0,0,0,0,20,3,1.82,15,0,0,0,2,0.182,4,0.364,2,0.182,6.05
"Rachid Ghezzal","Leicester-City","Midfielder","Algeria",28,19,1,0.053,0,0,1,0,0,100,0,0,0,19,5,1,26,5.26,1,1,0,0,3,0.158,1,0.053,6.03
"Jake Livermore","West-Bromwich-Albion","Midfielder","England",30,180,7,0.039,0,6,1,0,85.71,14.29,0,0,0,129,32,0.72,25,5.43,7,1,9,0.05,11,0.061,16,0.089,5.96
"DeAndre Yedlin","Newcastle-United","Defender","United States",27,103,2,0.019,1,1,0,50,50,0,0,0,0,20,3,0.19,15,10,0,0,5,0.049,6,0.058,7,0.068,5.9
"Kieran Gibbs","West-Bromwich-Albion","Defender","England",30,172,2,0.012,0,0,2,0,0,100,0,0,0,20,3,0.12,15,10,1,0,9,0.052,13,0.076,11,0.064,5.9
"Jack Rodwell","Sheffield-United","Midfielder","England",29,167,10,0.06,4,3,3,40,30,30,0,0,0,210,58,1.26,28,4.76,2,13,4,0.024,2,0.012,14,0.084,5.85
"Alireza Jahanbakhsh","Brighton-and-Hove-Albion","Forward","Iran",27,31,2,0.065,0,2,0,0,100,0,0,0,0,34,8,1.1,24,5.88,2,0,0,0,2,0.065,2,0.065,5.79
"Solly March","Brighton-and-Hove-Albion","Midfielder","England",26,92,2,0.022,1,0,1,50,0,50,0,0,0,93,26,1.01,28,2.15,2,4,7,0.076,13,0.141,9,0.098,5.73
"Jan Bednarek","Southampton","Defender","Poland",24,66,2,0.03,0,1,1,0,50,50,0,0,0,20,3,0.3,15,10,0,0,2,0.03,2,0.03,4,0.061,5.7
"Benjamin Mendy","Manchester-City","Defender","France",26,37,0,0,0,0,0,0,0,0,0,0,0,20,3,0.54,15,0,1,0,8,0.216,7,0.189,8,0.216,5.69
"John Egan","Sheffield-United","Defender","Ireland",27,38,2,0.053,1,1,0,50,50,0,0,0,0,20,3,0.53,15,10,0,0,0,0,1,0.026,2,0.053,5.69
"James Justin","Leicester-City","Defender","England",22,15,1,0.067,0,1,0,0,100,0,0,0,0,20,3,1.33,15,5,1,0,1,0.067,1,0.067,2,0.133,5.68
"Joseph Willock","Arsenal","Midfielder","England",21,33,1,0.03,0,1,0,0,100,0,0,0,0,18,5,0.55,28,5.56,0,2,1,0.03,1,0.03,2,0.061,5.67
"Tom Cairney","Fulham","Midfielder","Scotland",29,43,2,0.047,0,0,2,0,0,100,0,0,0,33,7,0.77,21,6.06,2,0,1,0.023,4,0.093,3,0.07,5.67
"Fabián Balbuena","West-Ham-United","Defender","Paraguay",29,40,2,0.05,0,2,0,0,100,0,0,0,0,20,3,0.5,15,10,1,0,0,0,1,0.025,2,0.05,5.62
"Ahmed Hegazi","West-Bromwich-Albion","Defender","Egypt",29,38,2,0.053,2,0,0,100,0,0,0,0,0,20,3,0.53,15,10,0,0,0,0,0,0,2,0.053,5.56
"Fabian Delph","Everton","Midfielder","England",30,185,7,0.038,0,1,6,0,14.29,85.71,0,0,0,144,36,0.78,25,4.86,5,3,8,0.043,7,0.038,15,0.081,5.55
"Kieran Tierney","Arsenal","Defender","Scotland",23,16,1,0.062,0,0,1,0,0,100,0,0,0,20,3,1.25,15,5,0,0,1,0.062,1,0.062,2,0.125,5.48
"Victor Lindelöf","Manchester-United","Defender","Sweden",26,83,2,0.024,1,0,1,50,0,50,0,0,0,20,3,0.24,15,10,0,0,1,0.012,5,0.06,3,0.036,5.46
"Kevin Long","Burnley","Defender","Ireland",30,35,1,0.029,1,0,0,100,0,0,0,0,0,20,3,0.57,15,5,1,0,3,0.086,4,0.114,4,0.114,5.44
"Phil Jones","Manchester-United","Defender","England",28,200,2,0.01,1,1,0,50,50,0,0,0,0,20,3,0.1,15,10,3,0,6,0.03,11,0.055,8,0.04,5.43
"Ryan Fredericks","West-Ham-United","Defender","England",27,44,1,0.023,0,1,0,0,100,0,0,0,0,20,3,0.45,15,5,0,0,4,0.091,5,0.114,5,0.114,5.4
"Mario Lemina","Fulham","Midfielder","Gabon",27,47,2,0.043,0,2,0,0,100,0,0,0,0,48,10,1.02,21,4.17,2,0,2,0.043,3,0.064,4,0.085,5.18
"Pierre-Emile Højbjerg","Tottenham-Hotspur","Midfielder","Denmark",25,111,4,0.036,0,3,1,0,75,25,0,0,0,143,40,1.29,28,2.8,4,8,4,0.036,4,0.036,8,0.072,5.08
"Declan Rice","West-Ham-United","Midfielder","England",21,101,3,0.03,1,2,0,33.33,66.67,0,0,0,0,59,14,0.58,24,5.08,3,3,3,0.03,2,0.02,6,0.059,5.07
"Josh Onomah","Fulham","Midfielder","England",23,15,0,0,0,0,0,0,0,0,0,0,0,4,2,0.27,50,0,0,0,0,0,0,0,0,0,5
"Harrison Reed","Fulham","Midfielder","England",25,19,0,0,0,0,0,0,0,0,0,0,0,6,3,0.32,50,0,0,0,0,0,0,0,0,0,5
"Tyler Roberts","Leeds-United","Forward","Wales",21,3,0,0,0,0,0,0,0,0,0,0,0,2,1,0.67,50,0,0,0,0,0,0,0,0,0,5
"Marko Grujic","Liverpool","Midfielder","Serbia",24,8,0,0,0,0,0,0,0,0,0,0,0,4,2,0.5,50,0,0,0,0,0,0,0,0,0,5
"Nathan Tella","Southampton","Midfielder","England",21,2,0,0,0,0,0,0,0,0,0,0,0,2,1,1,50,0,0,0,0,0,0,0,0,0,5
"Paul Dummett","Newcastle-United","Defender","Wales",28,128,2,0.016,0,0,2,0,0,100,0,0,0,20,3,0.16,15,10,1,0,0,0,4,0.031,2,0.016,4.98
"Juan Foyth","Tottenham-Hotspur","Defender","Argentina",22,16,1,0.062,1,0,0,100,0,0,0,0,0,20,3,1.25,15,5,0,0,0,0,2,0.125,1,0.062,4.86
"Harry Winks","Tottenham-Hotspur","Midfielder","England",24,96,2,0.021,1,1,0,50,50,0,0,0,0,32,6,0.33,19,6.25,1,1,2,0.021,3,0.031,4,0.042,4.67
"Wilfred Ndidi","Leicester-City","Midfielder","Nigeria",23,122,6,0.049,1,4,1,16.67,66.67,16.67,0,0,0,153,24,1.25,16,3.92,5,4,5,0.041,3,0.025,11,0.09,4.5
"Davy Pröpper","Brighton-and-Hove-Albion","Midfielder","Netherlands",29,100,2,0.02,1,1,0,50,50,0,0,0,0,80,15,0.8,19,2.5,2,6,7,0.07,7,0.07,9,0.09,4.45
"Kortney Hause","Aston-Villa","Defender","England",25,18,1,0.056,0,1,0,0,100,0,0,0,0,20,3,1.11,15,5,0,3,0,0,1,0.056,1,0.056,4.4
"Erik Pieters","Burnley","Defender","Netherlands",32,194,1,0.005,0,0,1,0,0,100,0,0,0,20,3,0.1,15,5,0,0,11,0.057,17,0.088,12,0.062,4.39
"Fousseni Diabaté","Leicester-City","Forward","Mali",24,15,0,0,0,0,0,0,0,0,0,0,0,6,2,0.4,33,0,0,1,1,0.067,0,0,1,0.067,4.31
"André Gomes","Everton","Midfielder","Portugal",27,48,1,0.021,0,1,0,0,100,0,0,0,0,27,5,0.56,19,3.7,0,1,2,0.042,2,0.042,3,0.062,4.27
"Diogo Dalot","Manchester-United","Defender","Portugal",21,20,0,0,0,0,0,0,0,0,0,0,0,20,3,1,15,0,0,0,2,0.1,5,0.25,2,0.1,4.25
"Luke Shaw","Manchester-United","Defender","England",25,157,1,0.006,0,0,1,0,0,100,0,0,0,20,3,0.13,15,5,2,0,7,0.045,14,0.089,8,0.051,4.24
"Javier Manquillo","Newcastle-United","Defender","Spain",26,92,1,0.011,0,1,0,0,100,0,0,0,0,20,3,0.22,15,5,0,0,5,0.054,4,0.043,6,0.065,4.24
"Chris Basham","Sheffield-United","Defender","England",32,61,1,0.016,0,1,0,0,100,0,0,0,0,20,3,0.33,15,5,0,0,3,0.049,2,0.033,4,0.066,4.22
"Dani Ceballos","Arsenal","Midfielder","Spain",24,26,0,0,0,0,0,0,0,0,0,0,0,14,3,0.54,21,0,0,0,3,0.115,2,0.077,3,0.115,4.21
"Mateo Kovacic","Chelsea","Midfielder","Croatia",26,64,1,0.016,0,1,0,0,100,0,0,0,0,49,9,0.77,18,2.04,1,2,5,0.078,4,0.062,6,0.094,4.21
"Björn Engels","Aston-Villa","Defender","Belgium",26,17,1,0.059,1,0,0,100,0,0,0,0,0,20,3,1.18,15,5,0,0,0,0,0,0,1,0.059,4.18
"Fikayo Tomori","Chelsea","Defender","England",22,17,1,0.059,0,1,0,0,100,0,0,0,0,20,3,1.18,15,5,0,0,0,0,0,0,1,0.059,4.18
"Brandon Williams","Manchester-United","Defender","England",20,17,1,0.059,0,1,0,0,100,0,0,0,0,20,3,1.18,15,5,0,0,0,0,0,0,1,0.059,4.18
"Kevin McDonald","Fulham","Midfielder","Scotland",31,41,1,0.024,0,1,0,0,100,0,0,0,0,19,3,0.46,16,5.26,1,0,1,0.024,0,0,2,0.049,4.02
"Çaglar Söyüncü","Leicester-City","Defender","Turkey",24,42,1,0.024,1,0,0,100,0,0,0,0,0,20,3,0.48,15,5,0,0,1,0.024,1,0.024,2,0.048,3.96
"Matteo Guendouzi","Arsenal","Midfielder","France",21,57,0,0,0,0,0,0,0,0,0,0,0,27,9,0.47,33,0,1,1,1,0.018,4,0.07,1,0.018,3.92
"Fred","Manchester-United","Midfielder","Brazil",27,46,1,0.022,0,1,0,0,100,0,0,0,0,57,12,1.24,21,1.75,3,1,1,0.022,4,0.087,2,0.043,3.83
"Jamal Lewis","Newcastle-United","Defender","Northern Ireland",22,30,1,0.033,0,0,1,0,0,100,0,0,0,20,3,0.67,15,5,0,0,0,0,1,0.033,1,0.033,3.83
"Oriol Romeu","Southampton","Midfielder","Spain",29,183,4,0.022,0,3,1,0,75,25,0,0,0,113,23,0.62,20,3.54,1,3,0,0,12,0.066,4,0.022,3.83
"Max Meyer","Crystal-Palace","Midfielder","Germany",25,46,1,0.022,0,0,1,0,0,100,0,0,0,47,10,1.02,21,2.13,1,0,2,0.043,0,0,3,0.065,3.82
"Oleksandr Zinchenko","Manchester-City","Defender","Ukraine",23,41,0,0,0,0,0,0,0,0,0,0,0,28,6,0.68,21,0,0,0,3,0.073,5,0.122,3,0.073,3.81
"Jannik Vestergaard","Southampton","Defender","Denmark",28,43,1,0.023,1,0,0,100,0,0,0,0,0,20,3,0.47,15,5,1,0,0,0,3,0.07,1,0.023,3.81
"Daniel Amartey","Leicester-City","Defender","Ghana",25,46,1,0.022,1,0,0,100,0,0,0,0,0,20,3,0.43,15,5,0,0,1,0.022,0,0,2,0.043,3.77
"Jota","Aston-Villa","Midfielder","Spain",29,10,0,0,0,0,0,0,0,0,0,0,0,6,1,0.6,17,0,0,0,1,0.1,1,0.1,1,0.1,3.7
"Ben Osborn","Sheffield-United","Midfielder","England",26,14,0,0,0,0,0,0,0,0,0,0,0,3,1,0.21,33,0,0,0,0,0,1,0.071,0,0,3.66
"Marcos Rojo","Manchester-United","Defender","Argentina",30,76,1,0.013,0,0,1,0,0,100,0,0,0,20,3,0.26,15,5,0,0,1,0.013,1,0.013,2,0.026,3.52
"Davinson Sánchez","Tottenham-Hotspur","Defender","Colombia",24,84,1,0.012,1,0,0,100,0,0,0,0,0,20,3,0.24,15,5,0,0,1,0.012,1,0.012,2,0.024,3.48
"Aaron Wan-Bissaka","Manchester-United","Defender","England",22,77,0,0,0,0,0,0,0,0,0,0,0,20,3,0.26,15,0,0,0,7,0.091,8,0.104,7,0.091,3.39
"Eric Bailly","Manchester-United","Defender","Cote D'Ivoire",26,54,1,0.019,0,1,0,0,100,0,0,0,0,20,3,0.37,15,5,1,0,0,0,0,0,1,0.019,3.38
"Joe Bryan","Fulham","Defender","England",27,30,0,0,0,0,0,0,0,0,0,0,0,20,3,0.67,15,0,0,0,1,0.033,8,0.267,1,0.033,3.33
"Nampalys Mendy","Leicester-City","Midfielder","France",28,44,0,0,0,0,0,0,0,0,0,0,0,3,1,0.07,33,0,0,0,0,0,0,0,0,0,3.3
"John Stones","Manchester-City","Defender","England",26,163,1,0.006,1,0,0,100,0,0,0,0,0,20,3,0.12,15,5,1,0,0,0,5,0.031,1,0.006,3.28
"João Cancelo","Manchester-City","Defender","Portugal",26,17,0,0,0,0,0,0,0,0,0,0,0,20,3,1.18,15,0,0,0,0,0,6,0.353,0,0,3.26
"Adrien Silva","Leicester-City","Midfielder","Portugal",31,14,0,0,0,0,0,0,0,0,0,0,0,11,2,0.79,18,0,0,0,1,0.071,1,0.071,1,0.071,3.22
"André-Frank Zambo Anguissa","Fulham","Midfielder","Cameroon",24,24,0,0,0,0,0,0,0,0,0,0,0,22,5,0.92,23,0,0,0,1,0.042,1,0.042,1,0.042,3.14
"Anthony Gordon","Everton","Forward","England",19,11,0,0,0,0,0,0,0,0,0,0,0,6,1,0.55,17,0,0,0,1,0.091,0,0,1,0.091,3.07
"Yves Bissouma","Brighton-and-Hove-Albion","Midfielder","Mali",24,52,1,0.019,0,1,0,0,100,0,0,0,0,51,10,0.98,20,1.96,1,2,0,0,1,0.019,1,0.019,3.06
"Arthur Masuaku","West-Ham-United","Defender","The Democratic Republic Of Congo",26,81,0,0,0,0,0,0,0,0,0,0,0,20,3,0.25,15,0,0,0,6,0.074,7,0.086,6,0.074,3.04
"Mason Holgate","Everton","Defender","England",23,65,0,0,0,0,0,0,0,0,0,0,0,20,3,0.31,15,0,1,0,4,0.062,7,0.108,4,0.062,2.97
"Jonjoe Kenny","Everton","Defender","England",23,31,0,0,0,0,0,0,0,0,0,0,0,20,3,0.65,15,0,1,0,2,0.065,3,0.097,2,0.065,2.96
"Adam Forshaw","Leeds-United","Midfielder","England",28,35,0,0,0,0,0,0,0,0,0,0,0,28,6,0.8,21,0,0,2,1,0.029,3,0.086,1,0.029,2.96
"Muhamed Besic","Everton","Midfielder","Bosnia And Herzegovina",28,46,0,0,0,0,0,0,0,0,0,0,0,26,7,0.57,27,0,1,0,0,0,2,0.043,0,0,2.92
"Frédéric Guilbert","Aston-Villa","Defender","France",25,25,0,0,0,0,0,0,0,0,0,0,0,20,3,0.8,15,0,0,0,2,0.08,1,0.04,2,0.08,2.9
"Keinan Davis","Aston-Villa","Forward","England",22,19,0,0,0,0,0,0,0,0,0,0,0,17,5,0.89,29,0,0,3,0,0,0,0,0,0,2.9
"Matty James","Leicester-City","Midfielder","England",29,42,0,0,0,0,0,0,0,0,0,0,0,38,8,0.9,21,0,1,4,1,0.024,3,0.071,1,0.024,2.82
"Giovani Lo Celso","Tottenham-Hotspur","Midfielder","Argentina",24,29,0,0,0,0,0,0,0,0,0,0,0,19,3,0.66,16,0,0,1,2,0.069,1,0.034,2,0.069,2.81
"Jack O'Connell","Sheffield-United","Defender","England",26,35,0,0,0,0,0,0,0,0,0,0,0,20,3,0.57,15,0,0,0,1,0.029,6,0.171,1,0.029,2.79
"Dale Stephens","Brighton-and-Hove-Albion","Midfielder","England",31,99,1,0.01,0,0,1,0,0,100,0,0,0,49,5,0.49,10,2.04,1,0,5,0.051,4,0.04,6,0.061,2.78
"William Smallbone","Southampton","Midfielder","Ireland",20,11,0,0,0,0,0,0,0,0,0,0,0,6,0,0.55,0,0,1,0,2,0.182,0,0,2,0.182,2.73
"Steven Alzate","Brighton-and-Hove-Albion","Midfielder","Colombia",22,21,0,0,0,0,0,0,0,0,0,0,0,15,4,0.71,27,0,0,1,0,0,0,0,0,0,2.7
"Emil Krafth","Newcastle-United","Defender","Sweden",26,17,0,0,0,0,0,0,0,0,0,0,0,20,3,1.18,15,0,0,0,1,0.059,1,0.059,1,0.059,2.68
"Neeskens Kebano","Fulham","Midfielder","The Democratic Republic Of Congo",28,9,0,0,0,0,0,0,0,0,0,0,0,35,9,3.89,26,0,1,1,0,0,0,0,0,0,2.6
"Emerson","Chelsea","Defender","Italy",26,30,0,0,0,0,0,0,0,0,0,0,0,20,3,0.67,15,0,1,0,1,0.033,3,0.1,1,0.033,2.5
"Takumi Minamino","Liverpool","Forward","Japan",25,11,0,0,0,0,0,0,0,0,0,0,0,8,2,0.73,25,0,0,1,0,0,0,0,0,0,2.5
"Bernardo","Brighton-and-Hove-Albion","Defender","Brazil",25,36,0,0,0,0,0,0,0,0,0,0,0,20,3,0.56,15,0,0,0,1,0.028,3,0.083,1,0.028,2.34
"Mohamed Elneny","Arsenal","Midfielder","Egypt",28,47,0,0,0,0,0,0,0,0,0,0,0,44,5,0.94,11,0,0,2,3,0.064,2,0.043,3,0.064,2.28
"Maxime Le Marchand","Fulham","Defender","France",30,26,0,0,0,0,0,0,0,0,0,0,0,20,3,0.77,15,0,0,0,1,0.038,1,0.038,1,0.038,2.26
"Joseph Gomez","Liverpool","Defender","England",23,73,0,0,0,0,0,0,0,0,0,0,0,20,3,0.27,15,0,0,0,3,0.041,2,0.027,3,0.041,2.25
"Neil Taylor","Aston-Villa","Defender","Wales",31,145,0,0,0,0,0,0,0,0,0,0,0,20,3,0.14,15,0,0,0,5,0.034,6,0.041,5,0.034,2.21
"Oliver Burke","Sheffield-United","Midfielder","Scotland",23,16,0,0,0,0,0,0,0,0,0,0,0,4,0,0.25,0,0,0,1,2,0.125,1,0.062,2,0.125,2.18
"Charlie Taylor","Burnley","Defender","England",27,74,0,0,0,0,0,0,0,0,0,0,0,20,3,0.27,15,0,0,0,2,0.027,3,0.041,2,0.027,2.11
"Denis Odoi","Fulham","Defender","Belgium",32,33,0,0,0,0,0,0,0,0,0,0,0,20,3,0.61,15,0,0,0,1,0.03,1,0.03,1,0.03,2.1
"Martin Kelly","Crystal-Palace","Defender","England",30,153,0,0,0,0,0,0,0,0,0,0,0,20,3,0.13,15,0,2,0,5,0.033,2,0.013,5,0.033,2.06
"Tim Ream","Fulham","Defender","United States",32,40,0,0,0,0,0,0,0,0,0,0,0,20,3,0.5,15,0,0,0,1,0.025,1,0.025,1,0.025,2
"Timothy Fosu-Mensah","Manchester-United","Defender","Netherlands",22,49,0,0,0,0,0,0,0,0,0,0,0,20,3,0.41,15,0,0,0,1,0.02,2,0.041,1,0.02,2
"Rúben Vinagre","Wolverhampton-Wanderers","Defender","Portugal",21,34,0,0,0,0,0,0,0,0,0,0,0,20,3,0.59,15,0,0,0,0,0,3,0.088,0,0,1.94
"Dan Burn","Brighton-and-Hove-Albion","Defender","England",28,44,0,0,0,0,0,0,0,0,0,0,0,20,3,0.45,15,0,1,0,0,0,2,0.045,0,0,1.73
"Timo Werner","Chelsea","Forward","Germany",24,2,0,0,0,0,0,0,0,0,0,0,0,6,1,3,17,0,0,0,0,0,0,0,0,0,1.7
"Andreas Christensen","Chelsea","Defender","Denmark",24,59,0,0,0,0,0,0,0,0,0,0,0,20,3,0.34,15,0,2,0,0,0,2,0.034,0,0,1.67
"Conor Coady","Wolverhampton-Wanderers","Defender","England",27,79,0,0,0,0,0,0,0,0,0,0,0,20,3,0.25,15,0,0,0,0,0,2,0.025,0,0,1.62
"Rob Holding","Arsenal","Defender","England",25,41,0,0,0,0,0,0,0,0,0,0,0,20,3,0.49,15,0,0,0,0,0,0,0,0,0,1.5
"Matthew Cash","Aston-Villa","Defender","England",23,1,0,0,0,0,0,0,0,0,0,0,0,20,3,20,15,0,0,0,0,0,0,0,0,0,1.5
"Ben White","Brighton-and-Hove-Albion","Defender","England",22,2,0,0,0,0,0,0,0,0,0,0,0,20,3,10,15,0,0,0,0,0,0,0,0,0,1.5
"Tyrick Mitchell","Crystal-Palace","Defender","England",21,6,0,0,0,0,0,0,0,0,0,0,0,20,3,3.33,15,0,0,0,0,0,0,0,0,0,1.5
"Jarrad Branthwaite","Everton","Defender","England",18,4,0,0,0,0,0,0,0,0,0,0,0,20,3,5,15,0,0,0,0,0,0,0,0,0,1.5
"Michael Hector","Fulham","Defender","Jamaica",28,2,0,0,0,0,0,0,0,0,0,0,0,20,3,10,15,0,0,0,0,0,0,0,0,0,1.5
"Ola Aina","Fulham","Defender","Nigeria",23,3,0,0,0,0,0,0,0,0,0,0,0,20,3,6.67,15,0,0,0,0,0,0,0,0,0,1.5
"Luke Ayling","Leeds-United","Defender","England",29,2,0,0,0,0,0,0,0,0,0,0,0,20,3,10,15,0,0,0,0,0,0,0,0,0,1.5
"Liam Cooper","Leeds-United","Defender","Scotland",29,3,0,0,0,0,0,0,0,0,0,0,0,20,3,6.67,15,0,0,0,0,0,0,0,0,0,1.5
"Pascal Struijk","Leeds-United","Defender","Netherlands",21,1,0,0,0,0,0,0,0,0,0,0,0,20,3,20,15,0,0,0,0,0,0,0,0,0,1.5
"Robin Koch","Leeds-United","Defender","Germany",24,2,0,0,0,0,0,0,0,0,0,0,0,20,3,10,15,0,0,0,0,0,0,0,0,0,1.5
"Neco Williams","Liverpool","Defender","Wales",19,6,0,0,0,0,0,0,0,0,0,0,0,20,3,3.33,15,0,0,0,0,0,0,0,0,0,1.5
"Eric García","Manchester-City","Defender","Spain",19,13,0,0,0,0,0,0,0,0,0,0,0,20,3,1.54,15,0,0,0,0,0,0,0,0,0,1.5
"Axel Tuanzebe","Manchester-United","Defender","England",22,10,0,0,0,0,0,0,0,0,0,0,0,20,3,2,15,0,0,0,0,0,0,0,0,0,1.5
"Jack Robinson","Sheffield-United","Defender","England",27,9,0,0,0,0,0,0,0,0,0,0,0,20,3,2.22,15,0,0,0,0,0,0,0,0,0,1.5
"Ethan Ampadu","Sheffield-United","Defender","Wales",20,2,0,0,0,0,0,0,0,0,0,0,0,20,3,10,15,0,0,0,0,0,0,0,0,0,1.5
"Jake Vokins","Southampton","Defender","England",20,1,0,0,0,0,0,0,0,0,0,0,0,20,3,20,15,0,0,0,0,0,0,0,0,0,1.5
"Japhet Tanganga","Tottenham-Hotspur","Defender","England",21,6,0,0,0,0,0,0,0,0,0,0,0,20,3,3.33,15,0,0,0,0,0,0,0,0,0,1.5
"Darnell Furlong","West-Bromwich-Albion","Defender","England",24,5,0,0,0,0,0,0,0,0,0,0,0,20,3,4,15,0,0,0,0,0,0,0,0,0,1.5
"Kyle Bartley","West-Bromwich-Albion","Defender","England",29,23,0,0,0,0,0,0,0,0,0,0,0,20,3,0.87,15,0,0,0,0,0,0,0,0,0,1.5
"Semi Ajayi","West-Bromwich-Albion","Defender","Nigeria",26,2,0,0,0,0,0,0,0,0,0,0,0,20,3,10,15,0,0,0,0,0,0,0,0,0,1.5
"Dara O'Shea","West-Bromwich-Albion","Defender","Ireland",21,2,0,0,0,0,0,0,0,0,0,0,0,20,3,10,15,0,0,0,0,0,0,0,0,0,1.5
"Lee Peltier","West-Bromwich-Albion","Defender","England",33,20,0,0,0,0,0,0,0,0,0,0,0,20,3,1,15,0,0,0,0,0,0,0,0,0,1.5
"Maximilian Kilman","Wolverhampton-Wanderers","Defender","England",23,4,0,0,0,0,0,0,0,0,0,0,0,20,3,5,15,0,0,0,0,0,0,0,0,0,1.5
"Oskar Buur","Wolverhampton-Wanderers","Defender","Denmark",22,1,0,0,0,0,0,0,0,0,0,0,0,20,3,20,15,0,0,0,0,0,0,0,0,0,1.5
"Marçal","Wolverhampton-Wanderers","Defender","Brazil",31,2,0,0,0,0,0,0,0,0,0,0,0,20,3,10,15,0,0,0,0,0,0,0,0,0,1.5
"Marvelous Nakamba","Aston-Villa","Midfielder","Zimbabwe",26,29,0,0,0,0,0,0,0,0,0,0,0,7,1,0.24,14,0,0,0,0,0,0,0,0,0,1.4
"Alexis Mac Allister","Brighton-and-Hove-Albion","Midfielder","Argentina",21,9,0,0,0,0,0,0,0,0,0,0,0,7,1,0.78,14,0,0,1,0,0,0,0,0,0,1.4
"Sandro Ramírez","Everton","Forward","Spain",25,8,0,0,0,0,0,0,0,0,0,0,0,9,1,1.12,11,0,0,0,0,0,0,0,0,0,1.1
"Emile Smith Rowe","Arsenal","Midfielder","England",20,2,0,0,0,0,0,0,0,0,0,0,0,0,0,0,0,0,0,0,0,0,0,0,0,0,0
"Henri Lansbury","Aston-Villa","Midfielder","England",29,13,0,0,0,0,0,0,0,0,0,0,0,3,0,0.23,0,0,0,0,0,0,0,0,0,0,0
"Ollie Watkins","Aston-Villa","Forward","England",24,1,0,0,0,0,0,0,0,0,0,0,0,3,0,3,0,0,0,0,0,0,0,0,0,0,0
"Josh Brownhill","Burnley","Midfielder","England",24,11,0,0,0,0,0,0,0,0,0,0,0,8,0,0.73,0,0,0,1,0,0,0,0,0,0,0
"Billy Gilmour","Chelsea","Midfielder","Scotland",19,6,0,0,0,0,0,0,0,0,0,0,0,1,0,0.17,0,0,0,0,0,0,0,0,0,0,0
"Kai Havertz","Chelsea","Midfielder","Germany",21,2,0,0,0,0,0,0,0,0,0,0,0,0,0,0,0,0,0,0,0,0,0,0,0,0,0
"Jairo Riedewald","Crystal-Palace","Midfielder","Netherlands",24,29,0,0,0,0,0,0,0,0,0,0,0,4,0,0.14,0,0,0,0,0,0,0,0,0,0,0
"Eberechi Eze","Crystal-Palace","Midfielder","England",22,2,0,0,0,0,0,0,0,0,0,0,0,0,0,0,0,0,0,0,0,0,0,0,0,0,0
"Brandon Pierrick","Crystal-Palace","Forward","England",18,2,0,0,0,0,0,0,0,0,0,0,0,0,0,0,0,0,0,0,0,0,0,0,0,0,0
"Jean-Philippe Gbamin","Everton","Midfielder","Cote D'Ivoire",24,2,0,0,0,0,0,0,0,0,0,0,0,0,0,0,0,0,0,0,0,0,0,0,0,0,0
"Beni Baningime","Everton","Midfielder","The Democratic Republic Of Congo",22,8,0,0,0,0,0,0,0,0,0,0,0,0,0,0,0,0,0,0,0,0,0,0,0,0,0
"Stefan Johansen","Fulham","Midfielder","Norway",29,12,0,0,0,0,0,0,0,0,0,0,0,1,0,0.08,0,0,0,0,0,0,0,0,0,0,0
"Stuart Dallas","Leeds-United","Midfielder","Northern Ireland",29,2,0,0,0,0,0,0,0,0,0,0,0,0,0,0,0,0,0,0,0,0,0,0,0,0,0
"Jamie Shackleton","Leeds-United","Midfielder","England",20,1,0,0,0,0,0,0,0,0,0,0,0,0,0,0,0,0,0,0,0,0,0,0,0,0,0
"Thiago","Liverpool","Midfielder","Spain",29,1,0,0,0,0,0,0,0,0,0,0,0,1,0,1,0,0,0,0,0,0,0,0,0,0,0
"Ben Woodburn","Liverpool","Forward","Wales",20,6,0,0,0,0,0,0,0,0,0,0,0,2,0,0.33,0,0,0,0,0,0,0,0,0,0,0
"Patrick Roberts","Manchester-City","Midfielder","England",23,6,0,0,0,0,0,0,0,0,0,0,0,0,0,0,0,0,0,0,0,0,0,0,0,0,0
"Ferran Torres","Manchester-City","Forward","Spain",20,1,0,0,0,0,0,0,0,0,0,0,0,0,0,0,0,0,0,0,0,0,0,0,0,0,0
"Gedson Fernandes","Tottenham-Hotspur","Midfielder","Portugal",21,7,0,0,0,0,0,0,0,0,0,0,0,1,0,0.14,0,0,0,0,0,0,0,0,0,0,0
"Rekeem Harper","West-Bromwich-Albion","Midfielder","England",20,2,0,0,0,0,0,0,0,0,0,0,0,0,0,0,0,0,0,0,0,0,0,0,0,0,0
"Romaine Sawyers","West-Bromwich-Albion","Midfielder","Saint Kitts And Nevis",28,2,0,0,0,0,0,0,0,0,0,0,0,0,0,0,0,0,0,0,0,0,0,0,0,0,0
"Kyle Edwards","West-Bromwich-Albion","Midfielder","England",22,2,0,0,0,0,0,0,0,0,0,0,0,1,0,0.5,0,0,0,0,0,0,0,0,0,0,0
"Ben Johnson","West-Ham-United","Defender","England",20,4,0,0,0,0,0,0,0,0,0,0,0,1,0,0.25,0,0,0,0,0,0,0,0,0,0,0
"Josh Cullen","West-Ham-United","Midfielder","Ireland",24,3,0,0,0,0,0,0,0,0,0,0,0,0,0,0,0,0,0,0,0,0,0,0,0,0,0
"Xande Silva","West-Ham-United","Forward","Portugal",23,1,0,0,0,0,0,0,0,0,0,0,0,2,0,2,0,0,0,0,0,0,0,0,0,0,0
"Vitinha","Wolverhampton-Wanderers","Midfielder","Portugal",20,1,0,0,0,0,0,0,0,0,0,0,0,0,0,0,0,0,0,0,0,0,0,0,0,0,0
"Fábio Silva","Wolverhampton-Wanderers","Forward","Portugal",18,1,0,0,0,0,0,0,0,0,0,0,0,0,0,0,0,0,0,0,0,0,0,0,0,0,0
